appid,name,developer,publisher,positive,negative,userscore,owners,average_forever,average_2weeks,median_forever,median_2weeks,price,initialprice,discount,ccu
730,Counter-Strike: Global Offensive,Valve,Valve,7642084,1173003,0,150000000.0,0,0,0,0,0,0,0,1013936
1172470,Apex Legends,Respawn,Electronic Arts,668053,326926,0,150000000.0,0,0,0,0,0,0,0,124262
578080,PUBG: BATTLEGROUNDS,PUBG Corporation,"KRAFTON, Inc.",1520457,1037487,0,150000000.0,0,0,0,0,0,0,0,314682
1623730,Palworld,Pocketpair,Pocketpair,358266,22443,0,75000000.0,0,0,0,0,2999,2999,0,18028
440,Team Fortress 2,Valve,Valve,1044264,117208,0,75000000.0,0,0,0,0,0,0,0,43819
1938090,Call of Duty: Modern Warfare II,"Treyarch, Raven Software, Beenox, High Moon Studios, Activision Shanghai, Sledgehammer Games, Infinity Ward, Demonware, Toys for Bob",Activision,419594,294520,0,75000000.0,0,0,0,0,3849,6999,45,67419
1063730,New World: Aeternum,Amazon Games,Amazon Games,196798,90080,0,75000000.0,0,0,0,0,5999,5999,0,5583
2358720,Black Myth: Wukong,Game Science,Game Science,1111720,38378,0,75000000.0,0,0,0,0,5999,5999,0,15004
271590,Grand Theft Auto V Legacy,Rockstar North,Rockstar Games,1739980,250576,0,75000000.0,0,0,0,0,0,0,0,67851
550,Left 4 Dead 2,Valve,Valve,940221,23762,0,75000000.0,0,0,0,0,999,999,0,25122
304930,Unturned,Smartly Dressed Games,Smartly Dressed Games,506516,48852,0,75000000.0,0,0,0,0,0,0,0,10408
1599340,Lost Ark,Smilegate RPG,Amazon Games,143481,58540,0,75000000.0,0,0,0,0,0,0,0,17355
236390,War Thunder,Gaijin Entertainment,Gaijin Network Ltd,484469,272617,0,35000000.0,0,0,0,0,0,0,0,50478
2246340,Monster Hunter Wilds,"CAPCOM Co., Ltd.","CAPCOM Co., Ltd.",127273,91142,0,35000000.0,0,0,0,0,2939,6999,58,12494
553850,HELLDIVERS 2,Arrowhead Game Studios,PlayStation Publishing LLC,775883,241752,0,35000000.0,0,0,0,0,3999,3999,0,53399
230410,Warframe,Digital Extremes,Digital Extremes,545393,81110,0,35000000.0,0,0,0,0,0,0,0,36195
1245620,ELDEN RING,"FromSoftware, Inc.","FromSoftware, Inc., Bandai Namco Entertainment",981540,75137,0,35000000.0,0,0,0,0,5999,5999,0,29529
105600,Terraria,Re-Logic,Re-Logic,1373979,35494,0,35000000.0,0,0,0,0,999,999,0,24580
2694490,Path of Exile 2,Grinding Gear Games,Grinding Gear Games,118511,50510,0,35000000.0,0,0,0,0,2999,2999,0,16727
431960,Wallpaper Engine,Wallpaper Engine Team,Wallpaper Engine Team,876898,17560,0,35000000.0,0,0,0,0,499,499,0,91184
1086940,Baldur's Gate 3,Larian Studios,Larian Studios,736688,23974,0,35000000.0,0,0,0,0,4499,5999,25,54771
291550,Brawlhalla,Blue Mammoth Games,Ubisoft,314809,71647,0,35000000.0,0,0,0,0,0,0,0,14169
4000,Garry's Mod,Facepunch Studios,Valve,1122546,37161,0,35000000.0,0,0,0,0,499,999,50,18400
1085660,Destiny 2,Bungie,Bungie,497891,127725,0,35000000.0,0,0,0,0,0,0,0,24619
359550,Tom Clancy's Rainbow Six Siege,Ubisoft Montreal,Ubisoft,1172854,225730,0,35000000.0,0,0,0,0,1999,1999,0,51847
252490,Rust,Facepunch Studios,Facepunch Studios,1071135,156649,0,35000000.0,0,0,0,0,1999,3999,50,143870
552990,World of Warships,Wargaming Group Limited,Wargaming Group Limited,112887,33665,0,35000000.0,0,0,0,0,0,0,0,8518
346110,ARK: Survival Evolved,"Studio Wildcard, Instinct Games, Efecto Studios, Virtual Basement LLC","Studio Wildcard, Snail Games USA",612177,117993,0,35000000.0,0,0,0,0,1499,1499,0,22170
413150,Stardew Valley,ConcernedApe,ConcernedApe,872384,13811,0,35000000.0,0,0,0,0,1499,1499,0,50662
242760,The Forest,Endnight Games Ltd,Endnight Games Ltd,599805,27986,0,35000000.0,0,0,0,0,1999,1999,0,2892
1491000,War Robots: Frontiers,MY.GAMES,MY.GAMES,1977,1105,0,35000000.0,0,0,0,0,0,0,0,256
238960,Path of Exile,Grinding Gear Games,Grinding Gear Games,209822,25269,0,35000000.0,0,0,0,0,0,0,0,4694
218620,PAYDAY 2,OVERKILL - a Starbreeze Studio.,Starbreeze Entertainment,594327,68755,0,35000000.0,0,0,0,0,999,999,0,27254
291480,Warface: Clutch,MY.GAMES,MY.GAMES,54554,27643,0,35000000.0,0,0,0,0,0,0,0,270
901583,Grand Theft Auto IV: Complete Edition,"Rockstar North, Rockstar Toronto",Rockstar Games,144570,30702,0,35000000.0,0,0,0,0,0,0,0,0
899770,Last Epoch,Eleventh Hour Games,"Eleventh Hour Games, KRAFTON, Inc",88027,22596,0,35000000.0,0,0,0,0,3499,3499,0,5831
340,Half-Life 2: Lost Coast,Valve,Valve,12215,1471,0,35000000.0,0,0,0,0,1999,1999,0,2
1091500,Cyberpunk 2077,CD PROJEKT RED,CD PROJEKT RED,713071,131850,0,35000000.0,0,0,0,0,1799,5999,70,22265
381210,Dead by Daylight,Behaviour Interactive Inc.,Behaviour Interactive Inc.,630223,166993,0,35000000.0,0,0,0,0,1999,1999,0,44886
990080,Hogwarts Legacy,Avalanche Software,Warner Bros. Games,289966,31429,0,35000000.0,0,0,0,0,5999,5999,0,5716
438100,VRChat,VRChat Inc.,VRChat Inc.,181623,58732,0,35000000.0,0,0,0,0,0,0,0,34699
292030,The Witcher 3: Wild Hunt,CD PROJEKT RED,CD PROJEKT RED,802993,32356,0,35000000.0,0,0,0,0,799,3999,80,15893
945360,Among Us,Innersloth,Innersloth,643681,57104,0,35000000.0,0,0,0,0,499,499,0,3832
1097150,Fall Guys: Ultimate Knockout,Mediatonic,Ravenscourt,385154,88589,0,35000000.0,0,0,0,0,0,0,0,664
49520,Borderlands 2,"Gearbox Software, Aspyr (Mac), Aspyr (Linux)","2K, Aspyr (Mac), Aspyr (Linux)",272900,22318,0,15000000.0,0,0,0,0,499,1999,75,8551
227300,Euro Truck Simulator 2,SCS Software,SCS Software,844480,22924,0,15000000.0,0,0,0,0,1999,1999,0,17281
892970,Valheim,Iron Gate AB,Coffee Stain Publishing,471451,28377,0,15000000.0,0,0,0,0,2999,2999,0,14439
739630,Phasmophobia,Kinetic Games,Kinetic Games,736611,32168,0,15000000.0,0,0,0,0,1999,1999,0,9978
444090,Paladins,Evil Mojo Games,Hi-Rez Studios,294373,52031,0,15000000.0,0,0,0,0,0,0,0,1028
1203220,NARAKA: BLADEPOINT,24 Entertainment,NetEase Games Global,225960,98967,0,15000000.0,0,0,0,0,0,0,0,66954
320,Half-Life 2: Deathmatch,Valve,Valve,12962,1334,0,15000000.0,0,0,0,0,1999,1999,0,159
70,Half-Life,Valve,Valve,143086,5135,0,15000000.0,0,0,0,0,999,999,0,634
582010,Monster Hunter: World,"CAPCOM Co., Ltd.","CAPCOM Co., Ltd.",434239,59151,0,15000000.0,0,0,0,0,779,2999,74,11923
227940,Heroes & Generals,TLM Partners,TLM Partners,96499,46264,0,15000000.0,0,0,0,0,0,0,0,0
252950,Rocket League,Psyonix LLC,Psyonix LLC,509445,73775,0,15000000.0,0,0,0,0,0,0,0,21106
108600,Project Zomboid,The Indie Stone,The Indie Stone,355171,21892,0,15000000.0,0,0,0,0,2499,2499,0,22864
1966720,Lethal Company,Zeekerss,Zeekerss,473422,13738,0,15000000.0,0,0,0,0,999,999,0,6199
1174180,Red Dead Redemption 2,Rockstar Games,Rockstar Games,676667,56875,0,15000000.0,0,0,0,0,5999,5999,0,29885
1517290,Battlefield 2042,DICE,Electronic Arts,139186,158588,0,15000000.0,0,0,0,0,599,5999,90,2774
1240440,Halo Infinite,343 Industries,Xbox Game Studios,123333,53708,0,15000000.0,0,0,0,0,0,0,0,2275
648800,Raft,Redbeet Interactive,Axolot Games,323198,23161,0,15000000.0,0,0,0,0,1999,1999,0,4701
386360,SMITE,Titan Forge Games,Hi-Rez Studios,94368,25428,0,15000000.0,0,0,0,0,0,0,0,1853
444200,World of Tanks Blitz,Wargaming Group Limited,Wargaming Group Limited,116407,31754,0,15000000.0,0,0,0,0,0,0,0,5707
10,Counter-Strike,Valve,Valve,243818,6427,0,15000000.0,0,0,0,0,999,999,0,7323
240,Counter-Strike: Source,Valve,Valve,175426,6808,0,15000000.0,0,0,0,0,999,999,0,6187
3164500,Schedule I,TVGS,TVGS,200803,3238,0,15000000.0,0,0,0,0,1399,1999,30,22757
755790,Ring of Elysium,Aurora Studio,TCH Scarlet Limited,74345,25492,0,15000000.0,0,0,0,0,0,0,0,0
400,Portal,Valve,Valve,175024,2717,0,15000000.0,0,0,0,0,999,999,0,638
1222670,The Sims 4,Maxis,Electronic Arts,149064,21663,0,15000000.0,0,0,0,0,0,0,0,25276
550650,Black Squad,"VALOFE, NS STUDIO",VALOFE,62042,19672,0,15000000.0,0,0,0,0,0,0,0,212
322330,Don't Starve Together,Klei Entertainment,Klei Entertainment,475393,23668,0,15000000.0,0,0,0,0,1499,1499,0,30542
239140,Dying Light,Techland,Techland,435687,21945,0,15000000.0,0,0,0,0,499,2499,80,4953
477160,Human Fall Flat,No Brakes Games,Curve Games,202253,11387,0,15000000.0,0,0,0,0,599,1999,70,950
251570,7 Days to Die,The Fun Pimps,The Fun Pimps Entertainment LLC,327889,42157,0,15000000.0,0,0,0,0,4499,4499,0,17045
100,Counter-Strike: Condition Zero,Valve,Valve,13442,1535,0,15000000.0,0,0,0,0,999,999,0,83
1665460,eFootball,KONAMI,KONAMI,44067,48266,0,15000000.0,0,0,0,0,0,0,0,13404
417910,Street Warriors Online,Crazy Rocks Studios,Crazy Rocks Studios,941,693,0,15000000.0,0,0,0,0,199,199,0,1
433850,Z1 Battle Royale,Daybreak Game Company,Daybreak Game Company,113729,90284,0,15000000.0,0,0,0,0,0,0,0,1010
594650,Hunt: Showdown 1896,Crytek,Crytek,181110,67110,0,15000000.0,0,0,0,0,1199,2999,60,6300
814380,Sekiro: Shadows Die Twice - GOTY Edition,"FromSoftware, Inc.","Activision (Excluding Japan and Asia), FromSoftware, Inc. (Japan), 方块游戏 (Asia)",307041,15193,0,15000000.0,0,0,0,0,5999,5999,0,6767
1116170,CyberCorp,Megame LLC,Megame LLC,266,56,0,15000000.0,0,0,0,0,1499,1499,0,3
220,Half-Life 2,Valve,Valve,239721,5906,0,15000000.0,0,0,0,0,999,999,0,1555
107410,Arma 3,Bohemia Interactive,Bohemia Interactive,256128,27136,0,15000000.0,0,0,0,0,2999,2999,0,7181
1326470,Sons Of The Forest,Endnight Games Ltd,Newnight ,222495,31051,0,15000000.0,0,0,0,0,2999,2999,0,4450
219990,Grim Dawn,Crate Entertainment,Crate Entertainment,93489,6241,0,15000000.0,0,0,0,0,2499,2499,0,2376
255710,Cities: Skylines,Colossal Order,Paradox Interactive,256362,19408,0,15000000.0,0,0,0,0,2999,2999,0,8842
261550,Mount & Blade II: Bannerlord,TaleWorlds Entertainment,TaleWorlds Entertainment,232360,32031,0,15000000.0,0,0,0,0,4999,4999,0,14477
8930,Sid Meier's Civilization V,"Firaxis Games, Aspyr (Mac), Aspyr (Linux)","2K, Aspyr (Mac), Aspyr (Linux)",195724,8541,0,15000000.0,0,0,0,0,749,2999,75,12206
304050,Trove,gamigo US Inc.,gamigo US Inc.,74103,18267,0,15000000.0,0,0,0,0,0,0,0,758
289070,Sid Meier’s Civilization VI,"Firaxis Games, Aspyr (Mac), Aspyr (Linux)","2K, Aspyr (Mac), Aspyr (Linux)",304053,45867,0,15000000.0,0,0,0,0,599,5999,90,25420
377160,Fallout 4,Bethesda Game Studios,Bethesda Softworks,326054,66233,0,15000000.0,0,0,0,0,799,1999,60,11179
532210,Life is Strange 2,"DONTNOD Entertainment, Feral Interactive (Mac), Feral Interactive (Linux)","Square Enix, Feral Interactive (Mac), Feral Interactive (Linux)",31616,5018,0,15000000.0,0,0,0,0,3196,3196,0,153
2186680,"Warhammer 40,000: Rogue Trader",Owlcat Games,Owlcat Games,26360,4445,0,15000000.0,0,0,0,0,4999,4999,0,3582
1238810,Battlefield V,DICE,Electronic Arts,177352,72936,0,15000000.0,0,0,0,0,499,4999,90,6327
3241660,R.E.P.O.,semiwork,semiwork,179154,6488,0,15000000.0,0,0,0,0,649,999,35,32349
221100,DayZ,Bohemia Interactive,Bohemia Interactive,330349,99903,0,15000000.0,0,0,0,0,4999,4999,0,37066
526870,Satisfactory,Coffee Stain Studios,Coffee Stain Publishing,225479,6585,0,15000000.0,0,0,0,0,3999,3999,0,12596
1089350,NBA 2K20,Visual Concepts,2K,30260,30413,0,7500000.0,0,0,0,0,0,0,0,221
632360,Risk of Rain 2,Hopoo Games,"Gearbox Publishing, 2K",293127,20450,0,7500000.0,0,0,0,0,2499,2499,0,7902
1811260,EA SPORTS FIFA 23,EA Canada &amp; EA Romania,Electronic Arts,86192,65227,0,7500000.0,0,0,0,0,0,0,0,1280
204360,Castle Crashers,The Behemoth,The Behemoth,120733,4865,0,7500000.0,0,0,0,0,149,1499,90,443
218230,PlanetSide 2,Rogue Planet Games,Daybreak Game Company,59598,14096,0,7500000.0,0,0,0,0,0,0,0,496
72850,The Elder Scrolls V: Skyrim,Bethesda Game Studios,Bethesda Softworks,300915,16364,0,7500000.0,0,0,0,0,1999,1999,0,1463
394360,Hearts of Iron IV,Paradox Development Studio,Paradox Interactive,305168,36982,0,7500000.0,0,0,0,0,4999,4999,0,32112
489830,The Elder Scrolls V: Skyrim Special Edition,Bethesda Game Studios,Bethesda Softworks,310162,26896,0,7500000.0,0,0,0,0,999,3999,75,25085
322170,Geometry Dash,RobTop Games,RobTop Games,401026,28895,0,7500000.0,0,0,0,0,499,499,0,27850
1446780,MONSTER HUNTER RISE,"CAPCOM Co., Ltd.","CAPCOM Co., Ltd.",92564,20108,0,7500000.0,0,0,0,0,799,3999,80,3658
224260,No More Room in Hell,No More Room in Hell Team,Lever Games,66753,7500,0,7500000.0,0,0,0,0,0,0,0,473
203160,Tomb Raider Game of the Year,"Crystal Dynamics, Eidos-Montréal, Feral Interactive (Mac), Nixxes","Crystal Dynamics, Feral Interactive (Mac)",238239,9691,0,7500000.0,0,0,0,0,1999,1999,0,556
275850,No Man's Sky,Hello Games,Hello Games,293332,59526,0,7500000.0,0,0,0,0,5999,5999,0,12291
367520,Hollow Knight,Team Cherry,Team Cherry,403641,12305,0,7500000.0,0,0,0,0,1499,1499,0,4912
301520,Robocraft,Freejam,Freejam,86240,31815,0,7500000.0,0,0,0,0,0,0,0,3
767560,War Robots,MY.GAMES,MY.GAMES,15951,10624,0,7500000.0,0,0,0,0,0,0,0,1280
2050650,Resident Evil 4,"CAPCOM Co., Ltd.","CAPCOM Co., Ltd.",177539,4169,0,7500000.0,0,0,0,0,999,3999,75,3748
466240,Deceit,World Makers,World Makers,73606,19421,0,7500000.0,0,0,0,0,0,0,0,155
284160,BeamNG.drive,BeamNG,BeamNG,313873,8405,0,7500000.0,0,0,0,0,2499,2499,0,15863
278360,A Story About My Uncle,Gone North Games,Coffee Stain Publishing,26479,2437,0,7500000.0,0,0,0,0,1499,1499,0,8
264710,Subnautica,Unknown Worlds Entertainment,Unknown Worlds Entertainment,304449,9258,0,7500000.0,0,0,0,0,2999,2999,0,2719
80,Counter-Strike: Condition Zero,Valve,Valve,24271,2287,0,7500000.0,0,0,0,0,999,999,0,276
370910,Kathy Rain,Clifftop Games,Raw Fury,3478,300,0,7500000.0,0,0,0,0,999,999,0,10
40,Deathmatch Classic,Valve,Valve,2618,545,0,7500000.0,0,0,0,0,499,499,0,7
275390,Guacamelee! Super Turbo Championship Edition,Drinkbox Studios,"Drinkbox Studios, Kepler Ghost",6234,499,0,7500000.0,0,0,0,0,374,1499,75,5
2881650,Content Warning,"Zorro, Wilnyl, Philip, thePetHen, Skog",Evil Landfall?,137483,7608,0,7500000.0,0,0,0,0,799,799,0,722
311210,Call of Duty: Black Ops III,"Treyarch, Aspyr (Mac)","Activision, Aspyr (Mac)",181306,33720,0,7500000.0,0,0,0,0,5999,5999,0,5414
333930,Dirty Bomb,Splash Damage,Warchest Ltd.,46464,10703,0,7500000.0,0,0,0,0,0,0,0,40
1172620,Sea of Thieves: 2026 Edition,Rare Ltd,Xbox Game Studios,317074,38164,0,7500000.0,0,0,0,0,3999,3999,0,5437
22380,Fallout: New Vegas,Obsidian Entertainment,Bethesda Softworks,218763,8937,0,7500000.0,0,0,0,0,499,999,50,3892
250900,The Binding of Isaac: Rebirth,"Nicalis, Inc., Edmund McMillen","Nicalis, Inc.",334165,9255,0,7500000.0,0,0,0,0,1499,1499,0,14904
700330,SCP: Secret Laboratory,Northwood Studios,Northwood Studios,195923,18386,0,7500000.0,0,0,0,0,0,0,0,4696
10180,Call of Duty: Modern Warfare 2 (2009),Infinity Ward,Activision,54145,3973,0,7500000.0,0,0,0,0,1999,1999,0,399
582660,Black Desert,Pearl Abyss,Pearl Abyss,64416,22503,0,7500000.0,0,0,0,0,99,999,90,14345
1229490,ULTRAKILL,"Arsi ""Hakita"" Patala",New Blood Interactive,165867,3884,0,7500000.0,0,0,0,0,2999,2999,0,3122
1046930,Dota Underlords,Valve,Valve,74753,16141,0,7500000.0,0,0,0,0,0,0,0,1008
1426210,It Takes Two,Hazelight Studios,Electronic Arts,208042,10341,0,7500000.0,0,0,0,0,1199,3999,70,5018
2195250,EA SPORTS FC 24,"EA Canada, EA Romania",Electronic Arts,63281,46293,0,7500000.0,0,0,0,0,6999,6999,0,5110
2183900,"Warhammer 40,000: Space Marine 2",Saber Interactive,Focus Entertainment,134739,27846,0,7500000.0,0,0,0,0,5999,5999,0,6851
883710,Resident Evil 2,"CAPCOM Co., Ltd.","CAPCOM Co., Ltd.",167647,5210,0,7500000.0,0,0,0,0,799,3999,80,1123
219640,Chivalry: Medieval Warfare,Torn Banner Studios,Torn Banner Studios,54016,11428,0,7500000.0,0,0,0,0,2499,2499,0,32
306130,The Elder Scrolls Online,ZeniMax Online Studios,Bethesda Softworks,125497,28616,0,7500000.0,0,0,0,0,499,1999,75,15987
244210,Assetto Corsa,Kunos Simulazioni,505 Games,140238,11153,0,7500000.0,0,0,0,0,1999,1999,0,8961
268500,XCOM 2,"Firaxis Games, Feral Interactive (Mac), Feral Interactive (Linux)","2K, Feral Interactive (Mac), Feral Interactive (Linux)",86187,15514,0,7500000.0,0,0,0,0,1999,1999,0,3123
1794680,Vampire Survivors,poncle,poncle,246479,3855,0,7500000.0,0,0,0,0,499,499,0,2966
1818750,MultiVersus,Player First Games,Warner Bros. Games,90318,27894,0,7500000.0,0,0,0,0,0,0,0,55
242050,Assassin’s Creed IV Black Flag,Ubisoft Montreal,Ubisoft,62942,8129,0,7500000.0,0,0,0,0,3999,3999,0,923
30,Day of Defeat,Valve,Valve,6414,688,0,7500000.0,0,0,0,0,499,499,0,87
236850,Europa Universalis IV,"Paradox Development Studio, Paradox Tinto",Paradox Interactive,116432,18004,0,7500000.0,0,0,0,0,4999,4999,0,12445
363970,Clicker Heroes,Playsaurus,Playsaurus,54989,6315,0,7500000.0,0,0,0,0,0,0,0,2019
253710,theHunter Classic,"Expansive Worlds, Avalanche Studios","Expansive Worlds, Avalanche Studios",24959,17994,0,7500000.0,0,0,0,0,0,0,0,417
379720,DOOM,id Software,Bethesda Softworks,198001,9278,0,7500000.0,0,0,0,0,399,1999,80,1590
273350,Evolve Stage 2,Turtle Rock Studios,2K,33844,14518,0,7500000.0,0,0,0,0,0,0,0,9
1782210,Crab Game,Dani,Dani,139538,12895,0,7500000.0,0,0,0,0,0,0,0,2921
844870,KurtzPel,KOG,KOG,20936,13480,0,7500000.0,0,0,0,0,0,0,0,30
601150,Devil May Cry 5,"CAPCOM Co., Ltd.","CAPCOM Co., Ltd.",140260,5873,0,7500000.0,0,0,0,0,2999,2999,0,2248
1286830,STAR WARS: The Old Republic,Broadsword,Electronic Arts,60864,7088,0,7500000.0,0,0,0,0,0,0,0,6625
365670,Blender,Blender Foundation,Blender Foundation,70186,2695,0,7500000.0,0,0,0,0,0,0,0,9640
319630,Life is Strange - Episode 1,"DONTNOD Entertainment, Feral Interactive (Mac), Feral Interactive (Linux)","Square Enix, Feral interactive (Mac), Feral Interactive (Linux)",162769,6432,0,7500000.0,0,0,0,0,0,0,0,294
1293830,Forza Horizon 4,Playground Games,Xbox Game Studios,263942,26975,0,7500000.0,0,0,0,0,0,0,0,4864
1145360,Hades,Supergiant Games,Supergiant Games,274829,4912,0,7500000.0,0,0,0,0,2499,2499,0,2253
671860,BattleBit Remastered,"SgtOkiDoki, Vilaskis, TheLiquidHorse",SgtOkiDoki,120458,22666,0,7500000.0,0,0,0,0,1499,1499,0,568
427520,Factorio,Wube Software LTD.,Wube Software LTD.,208770,6439,0,7500000.0,0,0,0,0,3500,3500,0,16426
221380,Age of Empires II (Retired),"Skybox Labs, Hidden Path Entertainment, Ensemble Studios, Forgotten Empires",Xbox Game Studios,97083,4268,0,7500000.0,0,0,0,0,1999,1999,0,2278
231430,Company of Heroes 2,"Relic Entertainment, Feral Interactive (Mac), Feral Interactive (Linux)","Relic Entertainment, Feral Interactive (Mac), Feral Interactive (Linux)",86713,23112,0,7500000.0,0,0,0,0,499,1999,75,2330
813820,Realm Royale,Heroic Leap Games,Hi-Rez Studios,43223,13520,0,7500000.0,0,0,0,0,0,0,0,2
594570,Total War: WARHAMMER II,"CREATIVE ASSEMBLY, Feral Interactive (Mac), Feral Interactive (Linux)","SEGA, Feral Interactive (Mac), Feral Interactive (Linux)",114776,9476,0,7500000.0,0,0,0,0,5999,5999,0,1464
391540,Undertale,tobyfox,tobyfox,264082,8850,0,7500000.0,0,0,0,0,249,999,75,3331
976730,Halo: The Master Chief Collection,"343 Industries, Splash Damage, Ruffian Games, Bungie, Saber Interactive",Xbox Game Studios,223635,18432,0,7500000.0,0,0,0,0,3999,3999,0,3362
646570,Slay the Spire,Mega Crit,Mega Crit,178250,4027,0,7500000.0,0,0,0,0,624,2499,75,15038
588650,Dead Cells,Motion Twin,Motion Twin,163549,4915,0,7500000.0,0,0,0,0,1249,2499,50,2559
268910,Cuphead,Studio MDHR Entertainment Inc.,Studio MDHR Entertainment Inc.,179894,6941,0,7500000.0,0,0,0,0,1999,1999,0,2080
439700,Z1 Battle Royale: Test Server,Daybreak Game Company,Daybreak Game Company,1341,1224,0,7500000.0,0,0,0,0,0,0,0,1
500,Left 4 Dead,Valve,Valve,59622,2272,0,7500000.0,0,0,0,0,999,999,0,774
1118200,People Playground,mestiez,Studio Minus,277746,4017,0,7500000.0,0,0,0,0,999,999,0,4505
620,Portal 2,Valve,Valve,427835,5675,0,7500000.0,0,0,0,0,999,999,0,1959
1551360,Forza Horizon 5,Playground Games,Xbox Game Studios,199950,25679,0,7500000.0,0,0,0,0,5999,5999,0,10009
1049590,Eternal Return,Nimble Neuron,"Nimble Neuron, SapStaR Games",51694,13352,0,7500000.0,0,0,0,0,0,0,0,12341
380,Half-Life 2: Episode One,Valve,Valve,30478,1344,0,7500000.0,0,0,0,0,1999,1999,0,18
360,Half-Life Deathmatch: Source,Valve,Valve,3657,1242,0,7500000.0,0,0,0,0,999,999,0,43
779340,Total War: THREE KINGDOMS,"CREATIVE ASSEMBLY, Feral Interactive (Mac), Feral Interactive (Linux)","SEGA, Feral Interactive (Mac), Feral Interactive (Linux)",74951,28794,0,7500000.0,0,0,0,0,3999,3999,0,4507
233450,Prison Architect,"Introversion Software, Double Eleven",Paradox Interactive,64439,7891,0,7500000.0,0,0,0,0,2999,2999,0,781
782330,DOOM Eternal,id Software,Bethesda Softworks,187807,18219,0,7500000.0,0,0,0,0,989,2999,67,2262
223710,Cry of Fear,Team Psykskallar,Team Psykskallar,65852,8556,0,7500000.0,0,0,0,0,0,0,0,405
513710,SCUM,Gamepires,Gamepires,83704,28411,0,7500000.0,0,0,0,0,4499,4499,0,8535
677620,Splitgate: Arena Warfare,1047 Games,1047 Games,102336,9404,0,7500000.0,0,0,0,0,0,0,0,185
1677740,Stumble Guys,Scopely,Scopely,108841,19170,0,7500000.0,0,0,0,0,0,0,0,2928
109600,Neverwinter,Cryptic Studios,Arc Games,29947,8638,0,7500000.0,0,0,0,0,0,0,0,665
420,Half-Life 2: Episode Two,Valve,Valve,40556,1226,0,7500000.0,0,0,0,0,1999,1999,0,20
397900,Business Tour - Board Game with Online Multiplayer,8Floor,8Floor,46567,30205,0,7500000.0,0,0,0,0,0,0,0,809
698780,Doki Doki Literature Club!,Team Salvato,Team Salvato,203247,7470,0,7500000.0,0,0,0,0,0,0,0,427
435150,Divinity: Original Sin 2 - Definitive Edition,Larian Studios,Larian Studios,182166,7958,0,7500000.0,0,0,0,0,4499,4499,0,3510
1100600,Football Manager 2020,Sports Interactive,SEGA,28341,3401,0,7500000.0,0,0,0,0,0,0,0,1012
1604030,V Rising,Stunlock Studios,Stunlock Studios,106197,13243,0,7500000.0,0,0,0,0,3499,3499,0,10961
534380,Dying Light 2 Stay Human: Reloaded Edition,Techland,Techland,154122,40708,0,7500000.0,0,0,0,0,1199,5999,80,4223
766570,Russian Fishing 4,FishSoft LLC,FishSoft LLC,39598,33887,0,7500000.0,0,0,0,0,0,0,0,14950
548430,Deep Rock Galactic,Ghost Ship Games,Coffee Stain Publishing,333587,9413,0,7500000.0,0,0,0,0,899,2999,70,5216
294100,RimWorld,Ludeon Studios,Ludeon Studios,206216,4301,0,7500000.0,0,0,0,0,3499,3499,0,19211
273110,Counter-Strike Nexon: Studio,"Valve, NEXON",NEXON,28373,14329,0,7500000.0,0,0,0,0,0,0,0,369
868270,The Cycle: Frontier,YAGER,YAGER,28893,16529,0,7500000.0,0,0,0,0,0,0,0,2
863550,HITMAN 2,IO Interactive A/S,IO Interactive A/S,68165,6778,0,7500000.0,0,0,0,0,0,0,0,187
1237970,Titanfall 2,Respawn Entertainment,Electronic Arts,244524,11664,0,7500000.0,0,0,0,0,449,2999,85,1173
555570,Infestation: The New Z,Fredaikis AB,OP Productions LLC,18200,15615,0,7500000.0,0,0,0,0,0,0,0,70
10190,Call of Duty: Modern Warfare 2 (2009),Infinity Ward,Activision,31945,2927,0,7500000.0,0,0,0,0,1999,1999,0,190
424840,Little Nightmares,Tarsier Studios,BANDAI NAMCO Entertainment,104472,5724,0,7500000.0,0,0,0,0,499,1999,75,222
2669320,EA SPORTS FC 25,"EA Canada, EA Romania",Electronic Arts,37253,37543,0,7500000.0,0,0,0,0,6999,6999,0,42032
518790,theHunter: Call of the Wild,Expansive Worlds,Avalanche Studios,157641,19969,0,7500000.0,0,0,0,0,399,1999,80,2207
365590,Tom Clancy’s The Division,Massive Entertainment,Ubisoft,65652,27546,0,7500000.0,0,0,0,0,2999,2999,0,774
223470,POSTAL 2,Running With Scissors,Running With Scissors,112414,3644,0,7500000.0,0,0,0,0,999,999,0,320
241930,Middle-earth: Shadow of Mordor,Monolith Productions,"Warner Bros. Interactive Entertainment, Warner Bros. Games",83849,6866,0,7500000.0,0,0,0,0,1999,1999,0,441
346900,AdVenture Capitalist,Hyper Hippo Games,Hyper Hippo Games,51968,7198,0,7500000.0,0,0,0,0,0,0,0,1109
3240220,Grand Theft Auto V Enhanced,Rockstar North,Rockstar Games,38595,17286,0,7500000.0,0,0,0,0,2999,2999,0,39502
440900,Conan Exiles Enhanced,"Funcom, Inflexion Games",Funcom,84575,22890,0,7500000.0,0,0,0,0,3999,3999,0,5677
374320,DARK SOULS III,"FromSoftware, Inc.","FromSoftware, Inc., Bandai Namco Entertainment",390326,23449,0,7500000.0,0,0,0,0,5999,5999,0,4381
1868140,DAVE THE DIVER,MINTROCKET,MINTROCKET,125422,3909,0,7500000.0,0,0,0,0,1999,1999,0,3367
304390,FOR HONOR,"Ubisoft Montreal, Ubisoft Quebec, Ubisoft Toronto, Blue Byte",Ubisoft,104468,45788,0,7500000.0,0,0,0,0,2999,2999,0,2146
208090,Loadout,Edge of Reality,Edge of Reality,34218,5094,0,7500000.0,0,0,0,0,0,0,0,1
48700,Mount & Blade: Warband,TaleWorlds Entertainment,TaleWorlds Entertainment,162632,3773,0,7500000.0,0,0,0,0,1999,1999,0,3055
2630,Call of Duty 2,Infinity Ward,Activision,9804,670,0,7500000.0,0,0,0,0,1999,1999,0,162
12210,Grand Theft Auto IV: The Complete Edition,"Rockstar North, Rockstar Toronto",Rockstar Games,144493,30691,0,7500000.0,0,0,0,0,1999,1999,0,2122
1144200,Ready or Not,VOID Interactive,VOID Interactive,210654,25542,0,7500000.0,0,0,0,0,4999,4999,0,4296
113400,APB Reloaded,Little Orbit,Little Orbit,23693,13599,0,7500000.0,0,0,0,0,0,0,0,111
1332010,Stray,BlueTwelve Studio,Annapurna Interactive,152312,4295,0,7500000.0,0,0,0,0,2999,2999,0,498
206420,Saints Row IV: Re-Elected,Deep Silver Volition,Deep Silver,67768,9376,0,7500000.0,0,0,0,0,1999,1999,0,117
380600,Fishing Planet,Fishing Planet LLC,Fishing Planet LLC,57004,8695,0,7500000.0,0,0,0,0,0,0,0,2781
225540,Just Cause 3,Avalanche Studios,Square Enix,102532,19629,0,7500000.0,0,0,0,0,1999,1999,0,639
285800,Braveland,Tortuga Team,Tortuga Team,2555,577,0,7500000.0,0,0,0,0,999,999,0,1
286690,Metro 2033 Redux,4A Games,Deep Silver,101543,9424,0,7500000.0,0,0,0,0,1999,1999,0,1208
223750,DCS World Steam Edition,Eagle Dynamics SA,Eagle Dynamics SA,31661,5528,0,7500000.0,0,0,0,0,0,0,0,636
1593500,God of War,"Santa Monica Studio, Jetpack Interactive",PlayStation Publishing LLC,151706,6311,0,7500000.0,0,0,0,0,4999,4999,0,1380
386180,Crossout,Targem Games,Gaijin Network Ltd,48219,15920,0,7500000.0,0,0,0,0,0,0,0,2231
1238840,Battlefield 1,DICE,Electronic Arts,166775,26046,0,7500000.0,0,0,0,0,399,3999,90,6308
812140,Assassin's Creed Odyssey,"Ubisoft Quebec, Ubisoft Montreal, Ubisoft Bucharest, Ubisoft Singapore, Ubisoft Montpellier, Ubisoft Kiev, Ubisoft Shanghai",Ubisoft,153091,19102,0,7500000.0,0,0,0,0,5999,5999,0,2629
1721470,Poppy Playtime,Mob Entertainment,Mob Entertainment,84113,14801,0,7500000.0,0,0,0,0,0,0,0,588
960090,Bloons TD 6,Ninja Kiwi,Ninja Kiwi,344269,9691,0,3500000.0,0,0,0,0,1399,1399,0,7489
55230,Saints Row: The Third,Volition,Deep Silver,65644,2956,0,3500000.0,0,0,0,0,999,999,0,163
262060,Darkest Dungeon,Red Hook Studios,Red Hook Studios,137026,12430,0,3500000.0,0,0,0,0,2499,2499,0,3848
761890,Albion Online,Sandbox Interactive GmbH,Sandbox Interactive GmbH,65583,17491,0,3500000.0,0,0,0,0,0,0,0,8184
2001120,Split Fiction,Hazelight Studios,Electronic Arts,79546,2012,0,3500000.0,0,0,0,0,3249,4999,35,5476
281990,Stellaris,Paradox Development Studio,Paradox Interactive,159527,25906,0,3500000.0,0,0,0,0,4999,4999,0,13727
252130,Divide By Sheep,"Victor Solodilov, Denis Novikov",tinyBuild,2376,246,0,3500000.0,0,0,0,0,499,499,0,0
211820,Starbound,Chucklefish,Chucklefish,152150,12756,0,3500000.0,0,0,0,0,1499,1499,0,894
8190,Just Cause 2,Avalanche Studios,Square Enix,46001,4738,0,3500000.0,0,0,0,0,1499,1499,0,90
6060,"STAR WARS Battlefront II (Classic, 2005)",Pandemic Studios,"Lucasfilm, LucasArts, Disney",50396,2891,0,3500000.0,0,0,0,0,999,999,0,323
508440,Totally Accurate Battle Simulator,Landfall,Landfall,132974,2969,0,3500000.0,0,0,0,0,1999,1999,0,1299
115300,Call of Duty: Modern Warfare 3 (2011),"Infinity Ward, Sledgehammer Games",Activision,33647,4306,0,3500000.0,0,0,0,0,3999,3999,0,0
42910,Magicka,Arrowhead Game Studios,Paradox Interactive,26997,4365,0,3500000.0,0,0,0,0,999,999,0,18
39210,FINAL FANTASY XIV Online,Square Enix,Square Enix,70254,9782,0,3500000.0,0,0,0,0,1999,1999,0,19824
1222680,Need for Speed Heat,Ghost Games,Electronic Arts,111482,21373,0,3500000.0,0,0,0,0,6999,6999,0,1385
351940,The Descendant,Gaming Corps AB,"Microids Indie, Microids",6312,811,0,3500000.0,0,0,0,0,1499,1499,0,15
1250,Killing Floor,Tripwire Interactive,Tripwire Interactive,64024,3448,0,3500000.0,0,0,0,0,1999,1999,0,224
2623190,The Elder Scrolls IV: Oblivion Remastered,"Bethesda Game Studios, Virtuos",Bethesda Softworks,42316,10242,0,3500000.0,0,0,0,0,3499,4999,30,14420
323190,Frostpunk,11 bit studios,11 bit studios,114315,9231,0,3500000.0,0,0,0,0,449,2999,85,1699
1716740,Starfield,Bethesda Game Studios,Bethesda Softworks,93942,71585,0,3500000.0,0,0,0,0,3999,4999,20,3725
813780,Age of Empires II: Definitive Edition,"World's Edge, Forgotten Empires, CaptureAge, Tantalus Media, Wicked Witch, Feral Interactive",Xbox Game Studios,154061,8401,0,3500000.0,0,0,0,0,3499,3499,0,13465
630,Alien Swarm,Valve,Valve,20179,1095,0,3500000.0,0,0,0,0,0,0,0,23
57300,Amnesia: The Dark Descent,Frictional Games,Frictional Games,32258,1850,0,3500000.0,0,0,0,0,1999,1999,0,60
395170,DISTRAINT: Deluxe Edition,Jesse Makkonen,Jesse Makkonen,11408,834,0,3500000.0,0,0,0,0,499,499,0,3
20920,The Witcher 2: Assassins of Kings Enhanced Edition,CD PROJEKT RED,"CD PROJEKT RED, 1C-SoftClub",77950,9114,0,3500000.0,0,0,0,0,299,1999,85,479
212680,FTL: Faster Than Light,Subset Games,Subset Games,71561,3491,0,3500000.0,0,0,0,0,349,999,65,1566
504370,Battlerite,Stunlock Studios,Stunlock Studios,50196,9152,0,3500000.0,0,0,0,0,0,0,0,103
286160,Tabletop Simulator,Berserk Games,Berserk Games,66735,3925,0,3500000.0,0,0,0,0,1999,1999,0,5021
311690,Enter the Gungeon,Dodge Roll,Devolver Digital,81669,3893,0,3500000.0,0,0,0,0,1499,1499,0,1165
355840,Survarium,Vostok Games,Vostok Games,13832,11623,0,3500000.0,0,0,0,0,0,0,0,0
1145350,Hades II,Supergiant Games,Supergiant Games,60844,3288,0,3500000.0,0,0,0,0,2999,2999,0,1838
1366800,Crosshair X,CenterPoint Gaming,CenterPoint Gaming,29275,2077,0,3500000.0,0,0,0,0,999,999,0,41428
1196590,Resident Evil Village,"CAPCOM Co., Ltd.","CAPCOM Co., Ltd.",114131,5219,0,3500000.0,0,0,0,0,999,3999,75,1284
613100,House Flipper,Empyrean,"Frozen District, PlayWay S.A.",89596,5548,0,3500000.0,0,0,0,0,2499,2499,0,1311
1172380,STAR WARS Jedi: Fallen Order,Respawn Entertainment,Electronic Arts,140485,18094,0,3500000.0,0,0,0,0,3999,3999,0,1354
202970,Call of Duty: Black Ops II,Treyarch,Activision,40563,6454,0,3500000.0,0,0,0,0,3999,3999,0,238
304430,INSIDE,Playdead,Playdead,65954,2092,0,3500000.0,0,0,0,0,2499,2499,0,129
3590,Plants vs. Zombies GOTY Edition,"PopCap Games, Inc.","PopCap Games, Inc., Electronic Arts",136574,3351,0,3500000.0,0,0,0,0,499,499,0,2656
1260320,Party Animals,Recreate Games,Source Technology,50198,13834,0,3500000.0,0,0,0,0,1999,1999,0,3070
33930,Arma 2: Operation Arrowhead,Bohemia Interactive,Bohemia Interactive,20414,1676,0,3500000.0,0,0,0,0,1999,1999,0,113
212500,The Lord of the Rings Online,Standing Stone Games,Daybreak Game Company LLC,17099,3896,0,3500000.0,0,0,0,0,0,0,0,793
457140,Oxygen Not Included,Klei Entertainment,Klei Entertainment,124220,4170,0,3500000.0,0,0,0,0,2499,2499,0,7545
620980,Beat Saber,Beat Games,Beat Games,71341,3271,0,3500000.0,0,0,0,0,2999,2999,0,423
1222140,Detroit: Become Human,Quantic Dream,Quantic Dream,162047,7152,0,3500000.0,0,0,0,0,3999,3999,0,2344
1817070,Marvel’s Spider-Man Remastered,"Insomniac Games, Nixxes Software",PlayStation Publishing LLC,107786,4606,0,3500000.0,0,0,0,0,2399,5999,60,1190
205100,Dishonored,Arkane Studios,Bethesda Softworks,80427,1943,0,3500000.0,0,0,0,0,249,999,75,288
24240,PAYDAY The Heist,OVERKILL - a Starbreeze Studio.,Starbreeze Entertainment,37570,2653,0,3500000.0,0,0,0,0,999,999,0,38
1506830,FIFA 22,EA Canada &amp; EA Romania,Electronic Arts,97293,23578,0,3500000.0,0,0,0,0,0,0,0,1319
871720,Ultimate Custom Night,Scott Cawthon,Scott Cawthon,55394,2879,0,3500000.0,0,0,0,0,0,0,0,200
962130,Grounded,Obsidian Entertainment,Xbox Game Studios,75482,9035,0,3500000.0,0,0,0,0,3999,3999,0,2394
356190,Middle-earth: Shadow of War,Monolith Productions,WB Games,95053,12165,0,3500000.0,0,0,0,0,4999,4999,0,1405
274190,Broforce,Free Lives,Devolver Digital,57080,1800,0,3500000.0,0,0,0,0,1499,1499,0,283
234140,Mad Max,Avalanche Studios,"Warner Bros. Games, Warner Bros. Interactive Entertainment",76230,6430,0,3500000.0,0,0,0,0,1999,1999,0,563
8500,EVE Online,CCP,CCP,26813,9575,0,3500000.0,0,0,0,0,0,0,0,3705
552520,Far Cry 5,"Ubisoft Montreal, Red Storm, Ubisoft Shanghai, Ubisoft Toronto, Ubisoft Kiev",Ubisoft,140377,33100,0,3500000.0,0,0,0,0,5999,5999,0,1297
7670,BioShock,"2K Boston, 2K Australia",2K,29127,1804,0,3500000.0,0,0,0,0,1999,1999,0,44
760160,Vampire: The Masquerade - Bloodhunt,Sharkmob AB,Sharkmob AB,43433,13651,0,3500000.0,0,0,0,0,0,0,0,362
270880,American Truck Simulator,SCS Software,SCS Software,169735,5552,0,3500000.0,0,0,0,0,1999,1999,0,6742
1203620,Enshrouded,Keen Games GmbH,Keen Games GmbH,67486,10594,0,3500000.0,0,0,0,0,2999,2999,0,10654
601510,Yu-Gi-Oh! Duel Links,KONAMI,KONAMI,36345,7285,0,3500000.0,0,0,0,0,0,0,0,1856
397540,Borderlands 3,Gearbox Software,2K,125248,23817,0,3500000.0,0,0,0,0,599,5999,90,3164
12120,Grand Theft Auto: San Andreas,Rockstar Games,Rockstar Games,76056,6573,0,3500000.0,0,0,0,0,0,0,0,363
236870,HITMAN,"IO Interactive A/S, Feral Interactive (Linux), Feral Interactive (Mac)","IO Interactive A/S, Feral Interactive (Linux), Feral Interactive (Mac)",30973,6227,0,3500000.0,0,0,0,0,0,0,0,46
674940,Stick Fight: The Game,Landfall West,Landfall,114720,7938,0,3500000.0,0,0,0,0,499,499,0,265
884660,CRSED: F.O.A.D.,"Darkflow Software, Matter Team",Gaijin Network Ltd,30411,8179,0,3500000.0,0,0,0,0,0,0,0,96
701160,Kingdom Two Crowns,Stumpy,Raw Fury,6244,819,0,3500000.0,0,0,0,0,1999,1999,0,1305
1832640,Mirror 2: Project X,KAGAMI Ⅱ WORKs,NIJICO,28726,87986,0,3500000.0,0,0,0,0,199,199,0,11
208650,Batman: Arkham Knight,Rocksteady Studios,WB Games,124147,15901,0,3500000.0,0,0,0,0,399,1999,80,1587
48000,LIMBO,Playdead,Playdead,53043,4241,0,3500000.0,0,0,0,0,1249,1249,0,82
2379780,Balatro,LocalThunk,Playstack,150524,3042,0,3500000.0,0,0,0,0,1199,1499,20,17123
298110,Far Cry 4,"Ubisoft Montreal, Red Storm, Shanghai, Toronto, Kiev",Ubisoft,51618,9649,0,3500000.0,0,0,0,0,2999,2999,0,558
42710,Call of Duty: Black Ops,Treyarch,Activision,15124,2010,0,3500000.0,0,0,0,0,3999,3999,0,213
200710,Torchlight II,Runic Games,XD,41131,3210,0,3500000.0,0,0,0,0,1999,1999,0,268
203770,Crusader Kings II,Paradox Development Studio,Paradox Interactive,66359,7450,0,3500000.0,0,0,0,0,0,0,0,1373
1903340,Clair Obscur: Expedition 33,Sandfall Interactive,Kepler Interactive,106216,4816,0,3500000.0,0,0,0,0,3999,4999,20,27880
244850,Space Engineers,Keen Software House,Keen Software House,117204,15143,0,3500000.0,0,0,0,0,999,1999,50,4201
1366540,Dyson Sphere Program,Youthcat Studio,Gamirror Games,83095,1993,0,3500000.0,0,0,0,0,1999,1999,0,2703
2709570,Supermarket Together,DeadDevsTellNoLies,DeadDevsTellNoLies,63994,3441,0,3500000.0,0,0,0,0,0,0,0,4704
201270,Total War: SHOGUN 2,"CREATIVE ASSEMBLY, Feral Interactive (Mac), Feral Interactive (Linux)","SEGA, Feral Interactive (Mac), Feral Interactive (Linux)",58839,5437,0,3500000.0,0,0,0,0,2999,2999,0,0
389730,TEKKEN 7,BANDAI NAMCO Studios Inc.,BANDAI NAMCO Entertainment,77227,15580,0,3500000.0,0,0,0,0,3999,3999,0,599
10090,Call of Duty: World at War,Treyarch,Activision,46665,3884,0,3500000.0,0,0,0,0,1999,1999,0,433
1259420,Days Gone,Bend Studio,PlayStation Publishing LLC,95697,7446,0,3500000.0,0,0,0,0,3999,3999,0,1600
261640,Borderlands: The Pre-Sequel,"2K Australia, Gearbox Software, Aspyr (Linux)","2K, Aspyr (Linux)",33577,8802,0,3500000.0,0,0,0,0,399,3999,90,437
220200,Kerbal Space Program,Squad,Private Division,121084,6078,0,3500000.0,0,0,0,0,999,3999,75,1844
1142710,Total War: WARHAMMER III,"CREATIVE ASSEMBLY, Feral Interactive","SEGA, Feral Interactive",87141,32717,0,3500000.0,0,0,0,0,5999,5999,0,16842
265630,Fistful of Frags,Fistful of Frags Team,Fistful of Frags Team,33130,3132,0,3500000.0,0,0,0,0,0,0,0,53
219150,Hotline Miami,Dennaton Games,Devolver Digital,103599,3058,0,3500000.0,0,0,0,0,249,999,75,404
312990,The Expendabros,Free Lives,Devolver Digital,17661,513,0,3500000.0,0,0,0,0,0,0,0,20
418460,Rising Storm 2: Vietnam,"Antimatter Games, Tripwire Interactive",Tripwire Interactive,49952,7611,0,3500000.0,0,0,0,0,2499,2499,0,449
211500,RaceRoom Racing Experience,KW Studios,"KW Studios, RaceRoom Entertainment AG",17812,5806,0,3500000.0,0,0,0,0,0,0,0,431
506540,Last Man Standing,"Free Reign Entertainment, Free Reign Entertainment",Free Reign Entertainment,10776,6811,0,3500000.0,0,0,0,0,0,0,0,0
20900,The Witcher: Enhanced Edition Director's Cut,CD PROJEKT RED,"CD PROJEKT RED, 1C-SoftClub",73569,9135,0,3500000.0,0,0,0,0,149,999,85,616
552500,Warhammer: Vermintide 2,Fatshark,Fatshark,113489,20234,0,3500000.0,0,0,0,0,2999,2999,0,2124
1057090,Ori and the Will of the Wisps,Moon Studios GmbH,Xbox Game Studios,131989,4701,0,3500000.0,0,0,0,0,2999,2999,0,697
359320,Elite Dangerous,Frontier Developments,Frontier Developments,77388,22636,0,3500000.0,0,0,0,0,1999,1999,0,4845
214950,Total War: ROME II - Emperor Edition,"CREATIVE ASSEMBLY, Feral Interactive","SEGA, Feral Interactive",73559,14614,0,3500000.0,0,0,0,0,5999,5999,0,3901
9480,Saints Row 2,Volition,Deep Silver,15420,5046,0,3500000.0,0,0,0,0,999,999,0,95
245170,Skullgirls 2nd Encore,Hidden Variable Studios,Autumn Games,29623,11230,0,3500000.0,0,0,0,0,2499,2499,0,112
207610,The Walking Dead,Telltale Games,Skybound Games,71633,1995,0,3500000.0,0,0,0,0,1499,1499,0,614
35450,Red Orchestra 2: Heroes of Stalingrad with Rising Storm,Tripwire Interactive,Tripwire Interactive,34765,2863,0,3500000.0,0,0,0,0,1999,1999,0,92
285900,Gang Beasts,"Boneloaf, Rocket Science",Boneloaf,51267,9003,0,3500000.0,0,0,0,0,1999,1999,0,376
232090,Killing Floor 2,Tripwire Interactive,Tripwire Interactive,111325,15541,0,3500000.0,0,0,0,0,2999,2999,0,4508
42680,Call of Duty: Modern Warfare 3 (2011),"Infinity Ward, Sledgehammer Games",Activision,21320,3686,0,3500000.0,0,0,0,0,3999,3999,0,357
918570,Century: Age of Ashes,Playwing LTD,Playwing LTD,13226,4514,0,3500000.0,0,0,0,0,0,0,0,54
1771300,Kingdom Come: Deliverance II,Warhorse Studios,Deep Silver,96279,6058,0,3500000.0,0,0,0,0,5999,5999,0,7073
447040,Watch_Dogs 2,Ubisoft,Ubisoft,68213,14166,0,3500000.0,0,0,0,0,4999,4999,0,863
200510,XCOM: Enemy Unknown,"Firaxis Games, Feral Interactive (Linux)","2K, Feral Interactive (Linux)",52717,3697,0,3500000.0,0,0,0,0,1499,1499,0,590
361420,ASTRONEER,System Era Softworks,System Era Softworks,118817,10139,0,3500000.0,0,0,0,0,2999,2999,0,988
33900,Arma 2,Bohemia Interactive,Bohemia Interactive,1769,348,0,3500000.0,0,0,0,0,1299,1299,0,0
209080,Guns of Icarus Online,Muse Games,Muse Games,13172,1473,0,3500000.0,0,0,0,0,499,499,0,16
307780,Mortal Kombat X,"NetherRealm Studios, QLOC","Warner Bros. Games, Warner Bros. Interactive Entertainment",48077,8175,0,3500000.0,0,0,0,0,399,1999,80,426
335240,Transformice,Atelier 801,Atelier 801,24320,3341,0,3500000.0,0,0,0,0,0,0,0,1284
403640,Dishonored 2,Arkane Studios,Bethesda Softworks,56155,6627,0,3500000.0,0,0,0,0,2999,2999,0,308
99900,Spiral Knights,Grey Havens,Grey Havens,19869,3789,0,3500000.0,0,0,0,0,0,0,0,132
1289310,Helltaker,vanripper,vanripper,122115,2803,0,3500000.0,0,0,0,0,0,0,0,75
287700,METAL GEAR SOLID V: THE PHANTOM PAIN,KONAMI,KONAMI,91675,8247,0,3500000.0,0,0,0,0,1999,1999,0,1333
460930,Tom Clancy's Ghost Recon Wildlands,"Ubisoft Paris, Ubisoft Annecy, Ubisoft Bucharest, Ubisoft Montpellier, Ubisoft Milan, Reflections, Ubisoft Belgrade",Ubisoft,77138,19439,0,3500000.0,0,0,0,0,4999,4999,0,1441
219740,Don't Starve,Klei Entertainment,Klei Entertainment,106118,3698,0,3500000.0,0,0,0,0,999,999,0,1472
96000,The Tiny Bang Story,Colibri Games,Colibri Games,5630,821,0,3500000.0,0,0,0,0,499,499,0,10
35720,Trine 2: Complete Story,Frozenbyte,Frozenbyte,20682,997,0,3500000.0,0,0,0,0,399,1999,80,18
880940,Pummel Party,Rebuilt Games,Rebuilt Games,47800,6014,0,3500000.0,0,0,0,0,1499,1499,0,1096
387990,Scrap Mechanic,Axolot Games,Axolot Games,104512,8771,0,3500000.0,0,0,0,0,2899,2899,0,909
686810,Hell Let Loose,Expression Games,Team17,113447,24230,0,3500000.0,0,0,0,0,1749,6999,75,3380
409710,BioShock Remastered,"2K Boston, 2K Australia, Blind Squirrel, Feral Interactive (Mac)","2K, Feral Interactive (Mac)",47962,10301,0,3500000.0,0,0,0,0,1999,1999,0,364
418370,Resident Evil 7 Biohazard,"CAPCOM Co., Ltd.","CAPCOM Co., Ltd.",93214,4632,0,3500000.0,0,0,0,0,799,1999,60,792
50130,Mafia II (Classic),2K Czech,2K,51876,3121,0,3500000.0,0,0,0,0,2999,2999,0,207
1454400,Cookie Clicker,"Orteil, DashNet",Playsaurus,77218,2674,0,3500000.0,0,0,0,0,499,499,0,9583
379430,Kingdom Come: Deliverance,Warhorse Studios,"Warhorse Studios, Deep Silver",136446,25760,0,3500000.0,0,0,0,0,2999,2999,0,2520
274170,Hotline Miami 2: Wrong Number,Dennaton Games,Devolver Digital,62741,3893,0,3500000.0,0,0,0,0,374,1499,75,437
232770,POSTAL,Running With Scissors,Running With Scissors,10023,1000,0,3500000.0,0,0,0,0,6795,6795,0,41
1363080,Manor Lords,Slavic Magic,Hooded Horse,62224,9896,0,3500000.0,0,0,0,0,3999,3999,0,1977
585690,Minimalism,PixelMouse,PixelMouse,1276,465,0,3500000.0,0,0,0,0,99,99,0,49
289650,Assassin's Creed Unity,Ubisoft,Ubisoft,58065,16229,0,3500000.0,0,0,0,0,2999,2999,0,373
17410,Mirror's Edge,DICE,Electronic Arts,32983,4669,0,3500000.0,0,0,0,0,1999,1999,0,43
4560,Company of Heroes - Legacy Edition,Relic Entertainment,SEGA,6540,457,0,3500000.0,0,0,0,0,739,3699,80,65
2479810,Gray Zone Warfare,"MADFINGER Games, a.s.","MADFINGER Games, a.s.",40235,19083,0,3500000.0,0,0,0,0,3999,3999,0,7543
233130,Shadow Warrior,Flying Wild Hog,Devolver Digital,24071,2080,0,3500000.0,0,0,0,0,2999,2999,0,20
1056960,Wolfenstein: Youngblood,"MachineGames, Arkane Studios",Bethesda Softworks,6360,8083,0,3500000.0,0,0,0,0,1999,1999,0,38
976310,Mortal Kombat 11,"NetherRealm Studios, QLOC, Shiver","Warner Bros. Games, Warner Bros. Interactive Entertainment",93635,12646,0,3500000.0,0,0,0,0,499,4999,90,1026
202990,Call of Duty: Black Ops II,Treyarch,Activision,27100,4790,0,3500000.0,0,0,0,0,3999,3999,0,167
355180,Codename CURE,Raptor Byte,Raptor Byte,13960,2518,0,3500000.0,0,0,0,0,0,0,0,12
678950,DRAGON BALL FighterZ,Arc System Works,Bandai Namco Entertainment,65978,6998,0,3500000.0,0,0,0,0,959,5999,84,511
1151340,Fallout 76,Bethesda Game Studios,Bethesda Softworks,89334,33215,0,3500000.0,0,0,0,0,999,3999,75,8796
299360,Block N Load,"Toadman Interactive, Artplant",Toadman Interactive,11944,3237,0,3500000.0,0,0,0,0,0,0,0,4
213670,South Park: The Stick of Truth,Obsidian Entertainment,Ubisoft,66636,1669,0,3500000.0,0,0,0,0,599,2999,80,274
262410,World of Guns: Gun Disassembly,Noble Empire Corp.,Noble Empire Corp.,16184,3058,0,3500000.0,0,0,0,0,0,0,0,103
224600,Defiance,Trion Worlds,Trion Worlds,9676,2964,0,3500000.0,0,0,0,0,0,0,0,2
368230,Kingdom: Classic,"Noio, Licorice",Raw Fury,20023,2065,0,3500000.0,0,0,0,0,0,0,0,40
3097560,Liar's Bar,Curve Animation,Curve Animation,44341,4209,0,3500000.0,0,0,0,0,699,699,0,605
335300,DARK SOULS II: Scholar of the First Sin,"FromSoftware, Inc.","Bandai Namco Entertainment, FromSoftware, Inc.",98052,18658,0,3500000.0,0,0,0,0,3999,3999,0,1612
233860,Kenshi,Lo-Fi Games,Lo-Fi Games,93712,4423,0,3500000.0,0,0,0,0,2999,2999,0,5412
240720,Getting Over It with Bennett Foddy,Bennett Foddy,Bennett Foddy,63479,13524,0,3500000.0,0,0,0,0,799,799,0,192
391720,Layers of Fear (2016),Bloober Team SA,Bloober Team SA,23576,3040,0,3500000.0,0,0,0,0,1999,1999,0,17
838350,The Scroll of Taiwu : Beyond The Dome,ConchShip Games,ConchShip Games,42350,18287,0,3500000.0,0,0,0,0,2999,2999,0,989
238320,Outlast,Red Barrels,Red Barrels,121220,4458,0,3500000.0,0,0,0,0,1499,1499,0,215
282070,This War of Mine,11 bit studios,11 bit studios,94484,7256,0,3500000.0,0,0,0,0,299,1999,85,756
412020,Metro Exodus,4A Games,Deep Silver,108945,12370,0,3500000.0,0,0,0,0,2999,2999,0,702
1158310,Crusader Kings III,Paradox Development Studio,Paradox Interactive,114259,12650,0,3500000.0,0,0,0,0,4999,4999,0,14302
2567870,Chained Together,Anegar Games,Secret Mode,48180,4958,0,3500000.0,0,0,0,0,499,499,0,1154
265930,Goat Simulator,Coffee Stain Studios,Coffee Stain Publishing,62249,6331,0,3500000.0,0,0,0,0,199,999,80,71
214490,Alien: Isolation,"Creative Assembly, Feral Interactive (Mac), Feral Interactive (Linux)","SEGA, Feral Interactive (Mac), Feral Interactive (Linux)",56716,4115,0,3500000.0,0,0,0,0,3999,3999,0,211
362890,Black Mesa,Crowbar Collective,Crowbar Collective,121562,6131,0,3500000.0,0,0,0,0,1999,1999,0,907
438740,Friday the 13th: The Game,IllFonic,Gun Media,62069,15444,0,3500000.0,0,0,0,0,0,0,0,19
617290,Remnant: From the Ashes,Gunfire Games,"Arc Games, THQ Nordic",44761,8081,0,3500000.0,0,0,0,0,3999,3999,0,429
588430,Fallout Shelter,Bethesda Game Studios,Bethesda Softworks,65847,8601,0,3500000.0,0,0,0,0,0,0,0,1001
1943950,Escape the Backrooms,"Fancy Games, Blackbird Interactive",Secret Mode,93330,9199,0,3500000.0,0,0,0,0,799,999,20,1756
203140,Hitman: Absolution,Io-Interactive A/S,Io-Interactive A/S,51769,3932,0,3500000.0,0,0,0,0,199,1999,90,618
12100,Grand Theft Auto III,Rockstar Games,Rockstar Games,12654,1946,0,3500000.0,0,0,0,0,0,0,0,42
905370,Conqueror's Blade,Booming Tech,Poros Interactive,22576,7558,0,3500000.0,0,0,0,0,0,0,0,2
1056640,Phantasy Star Online 2,SEGA,SEGA,16848,7196,0,3500000.0,0,0,0,0,0,0,0,1400
1942280,Brotato,Blobfish,Blobfish,94525,3276,0,3500000.0,0,0,0,0,299,499,40,6389
238460,BattleBlock Theater,The Behemoth,The Behemoth,69617,1997,0,3500000.0,0,0,0,0,449,1499,70,78
38400,Fallout: A Post Nuclear Role Playing Game,Interplay Inc.,Bethesda Softworks,20902,1296,0,3500000.0,0,0,0,0,249,999,75,89
881020,Granblue Fantasy: Relink,"Cygames, Inc.","Cygames, Inc.",43116,4883,0,3500000.0,0,0,0,0,3999,3999,0,996
65800,Dungeon Defenders,Chromatic Games,Chromatic Games,16818,1242,0,3500000.0,0,0,0,0,1499,1499,0,284
204880,Sins of a Solar Empire: Rebellion,"Ironclad Games Corporation, Stardock Entertainment",Stardock Entertainment,14919,1096,0,3500000.0,0,0,0,0,1999,1999,0,280
235460,METAL GEAR RISING: REVENGEANCE,PlatinumGames,KONAMI,79993,3300,0,3500000.0,0,0,0,0,2999,2999,0,242
581320,Insurgency: Sandstorm,New World Interactive,Focus Entertainment,107857,19061,0,3500000.0,0,0,0,0,2999,2999,0,1826
34330,Total War: SHOGUN 2,"CREATIVE ASSEMBLY, Feral Interactive (Mac), Feral Interactive (Linux)","SEGA, Feral Interactive (Mac), Feral Interactive (Linux)",22620,2332,0,3500000.0,0,0,0,0,599,2999,80,1807
387290,Ori and the Blind Forest: Definitive Edition,Moon Studios GmbH,Xbox Game Studios,63788,3191,0,3500000.0,0,0,0,0,1999,1999,0,196
728880,Overcooked! 2,"Ghost Town Games Ltd., Team17",Team17,65992,6809,0,3500000.0,0,0,0,0,1212,4849,75,2107
391220,Rise of the Tomb Raider,"Crystal Dynamics, Eidos-Montréal, Feral Interactive (Mac), Feral Interactive (Linux), Nixxes","Crystal Dynamics, Feral Interactive (Mac), Feral Interactive (Linux)",128080,8100,0,3500000.0,0,0,0,0,2999,2999,0,777
8870,BioShock Infinite,"Irrational Games, Virtual Programming (Linux)",2K,131970,8712,0,3500000.0,0,0,0,0,2999,2999,0,301
372000,Tree of Savior (English Ver.),"IMCGAMES Co.,Ltd.","IMCGAMES Co.,Ltd.",13046,7265,0,3500000.0,0,0,0,0,0,0,0,163
239030,"Papers, Please",Lucas Pope,3909,72168,2019,0,3500000.0,0,0,0,0,999,999,0,416
629760,MORDHAU,Triternion,Triternion,90102,22098,0,3500000.0,0,0,0,0,2999,2999,0,764
646910,The Crew 2,Ivory Tower,Ubisoft,72724,21141,0,3500000.0,0,0,0,0,2999,2999,0,873
367500,Dragon's Dogma: Dark Arisen,Capcom,Capcom,41310,5376,0,3500000.0,0,0,0,0,479,2999,84,329
13520,Far Cry,Crytek Studios,Ubisoft,8406,1853,0,3500000.0,0,0,0,0,999,999,0,50
967050,Pacify,Shawn Hitchcock,Hitchcock Games,36071,5620,0,3500000.0,0,0,0,0,499,499,0,77
2399830,ARK: Survival Ascended,"Studio Wildcard, Grove Street Games, Instinct Games","Studio Wildcard, Snail Games USA",44880,31115,0,3500000.0,0,0,0,0,4499,4499,0,12007
648350,Jurassic World Evolution,Frontier Developments,Frontier Developments,47081,6875,0,3500000.0,0,0,0,0,4499,4499,0,260
471710,Rec Room,Rec Room,Rec Room,63756,7467,0,3500000.0,0,0,0,0,0,0,0,1510
1372880,The Day Before,FNTASTIC,Mytona Fntastic,3686,19751,0,3500000.0,0,0,0,0,0,0,0,0
524220,NieR:Automata,"Square Enix, PlatinumGames Inc.",Square Enix,122027,18142,0,3500000.0,0,0,0,0,3999,3999,0,690
305620,The Long Dark,Hinterland Studio Inc.,Hinterland Studio Inc.,101846,10729,0,3500000.0,0,0,0,0,1999,1999,0,2575
475150,Titan Quest Anniversary Edition,"Iron Lore Entertainment, THQ Nordic",THQ Nordic,32295,3226,0,3500000.0,0,0,0,0,1999,1999,0,599
47870,Need For Speed: Hot Pursuit,Criterion Games,Electronic Arts,16490,3487,0,3500000.0,0,0,0,0,0,0,0,19
629520,Soundpad,Leppsoft,Leppsoft,84918,3466,0,3500000.0,0,0,0,0,499,499,0,15279
282440,Quake Live,id Software,Bethesda Softworks,13303,2074,0,3500000.0,0,0,0,0,299,999,70,297
436150,Governor of Poker 3,Playtika Ltd.,Playtika Ltd.,10541,4800,0,3500000.0,0,0,0,0,0,0,0,1053
1304930,The Outlast Trials,Red Barrels,Red Barrels,62533,4423,0,3500000.0,0,0,0,0,3999,3999,0,3743
550900,Metin2,WEBZEN Inc.,Gameforge 4D GmbH,10212,4355,0,3500000.0,0,0,0,0,0,0,0,0
33230,Assassin's Creed 2,Ubisoft Montreal,Ubisoft,48815,5831,0,3500000.0,0,0,0,0,1999,1999,0,188
427730,Who's Your Daddy?!,Evil Tortilla Games,Evil Tortilla Games,24318,6091,0,3500000.0,0,0,0,0,999,999,0,75
221040,Resident Evil 6,Capcom,Capcom,42993,11727,0,3500000.0,0,0,0,0,499,1999,75,515
1274570,DEVOUR,Straight Back Games,Straight Back Games,75057,7457,0,3500000.0,0,0,0,0,999,999,0,447
1222700,A Way Out,Hazelight Studios,Electronic Arts,72313,10149,0,3500000.0,0,0,0,0,899,2999,70,262
1468810,鬼谷八荒 Tale of Immortal,鬼谷工作室,"鬼谷工作室, Lightning Games",121020,106084,0,3500000.0,0,0,0,0,1299,1999,35,4116
287390,Metro: Last Light Redux,4A Games,Deep Silver,63534,6562,0,3500000.0,0,0,0,0,1999,1999,0,320
570940,DARK SOULS: REMASTERED,"QLOC, FromSoftware, Inc.","FromSoftware, Inc., Bandai Namco Entertainment",119152,10147,0,3500000.0,0,0,0,0,3999,3999,0,2879
1272080,PAYDAY 3,Starbreeze Studios,Starbreeze Entertainment,25497,33195,0,3500000.0,0,0,0,0,2999,2999,0,644
316010,Magic Duels,Stainless Games Ltd.,Wizards of the Coast LLC,16916,6928,0,3500000.0,0,0,0,0,0,0,0,37
105450,Age of Empires III (2007),Ensemble Studios,Xbox Game Studios,29126,2913,0,3500000.0,0,0,0,0,0,0,0,309
1167630,Teardown,Tuxedo Labs,Tuxedo Labs,104653,4809,0,3500000.0,0,0,0,0,2999,2999,0,1984
11020,TrackMania Nations Forever,Nadeo,Ubisoft,21244,2359,0,3500000.0,0,0,0,0,0,0,0,181
12200,Bully: Scholarship Edition,Rockstar New England,Rockstar Games,30730,5604,0,3500000.0,0,0,0,0,1499,1499,0,221
881100,Noita,Nolla Games,Nolla Games,74759,3718,0,3500000.0,0,0,0,0,1999,1999,0,2019
1313140,Cult of the Lamb,Massive Monster,Devolver Digital,98711,4517,0,3500000.0,0,0,0,0,2499,2499,0,1535
261570,Ori and the Blind Forest,Moon Studios GmbH,Xbox Game Studios,54150,3262,0,3500000.0,0,0,0,0,0,0,0,172
1361210,"Warhammer 40,000: Darktide",Fatshark,Fatshark,80268,32692,0,3500000.0,0,0,0,0,3999,3999,0,7267
221910,The Stanley Parable,Galactic Cafe,"Galactic Cafe, Klei Publishing",41582,3400,0,3500000.0,0,0,0,0,1499,1499,0,21
238090,Sniper Elite 3,Rebellion,Rebellion,22323,4794,0,3500000.0,0,0,0,0,2999,2999,0,82
242720,GunZ 2: The Second Duel,Masangsoft,Masangsoft,7055,3622,0,3500000.0,0,0,0,0,0,0,0,3
1250410,Microsoft Flight Simulator (2020) 40th Anniversary Edition,Asobo Studio,Xbox Game Studios,51794,13872,0,3500000.0,0,0,0,0,5999,5999,0,3245
644930,They Are Billions,Numantian Games,Numantian Games,41508,7257,0,3500000.0,0,0,0,0,2999,2999,0,2751
641990,The Escapists 2,"Team17, Mouldy Toof Studios",Team17,28948,3000,0,3500000.0,0,0,0,0,499,1999,75,214
1254120,Bless Unleashed,VALOFE,VALOFE,16259,14611,0,3500000.0,0,0,0,0,0,0,0,291
222880,Insurgency,New World Interactive,New World Interactive,114570,10301,0,3500000.0,0,0,0,0,1499,1499,0,154
201790,Orcs Must Die! 2,Robot Entertainment,Robot Entertainment,17917,1371,0,3500000.0,0,0,0,0,1499,1499,0,34
1569040,Football Manager 2022,Sports Interactive,SEGA,19861,1599,0,3500000.0,0,0,0,0,0,0,0,1742
203290,America's Army: Proving Grounds,U.S. Army,U.S. Army,8637,2315,0,3500000.0,0,0,0,0,0,0,0,132
2670630,Supermarket Simulator,Nokta Games,Nokta Games,64104,4237,0,3500000.0,0,0,0,0,1999,1999,0,2464
286570,F1 2015,"Codemasters, Feral Interactive (Linux)","Codemasters, Feral Interactive (Linux)",4720,3172,0,3500000.0,0,0,0,0,0,0,0,22
787860,Farming Simulator 19,Giants Software,Giants Software,70448,4172,0,3500000.0,0,0,0,0,1799,1799,0,983
466560,Northgard: Definitive Edition,Shiro Games,Shiro Games,55844,8851,0,3500000.0,0,0,0,0,3499,3499,0,1164
207140,SpeedRunners,DoubleDutch Games,tinyBuild,34525,2215,0,3500000.0,0,0,0,0,1499,1499,0,195
1092790,Inscryption,Daniel Mullins Games,Devolver Digital,127792,4098,0,3500000.0,0,0,0,0,1999,1999,0,1301
431240,Golf With Your Friends,"Blacklight Interactive, Team17",Team17,59105,7975,0,3500000.0,0,0,0,0,499,4999,90,979
248570,Toribash,Nabi Studios,"Nicalis, Inc.",14775,1928,0,3500000.0,0,0,0,0,0,0,0,85
107100,Bastion,Supergiant Games,Supergiant Games,35661,1731,0,3500000.0,0,0,0,0,1499,1499,0,15
209000,Batman: Arkham Origins,"WB Games Montreal, Splash Damage",Warner Bros. Interactive Entertainment,51192,6071,0,3500000.0,0,0,0,0,399,1999,80,616
24960,Battlefield: Bad Company 2,DICE,Electronic Arts,31749,5438,0,3500000.0,0,0,0,0,0,0,0,22
848450,Subnautica: Below Zero,Unknown Worlds Entertainment,Unknown Worlds Entertainment,87607,9053,0,3500000.0,0,0,0,0,2999,2999,0,698
286940,S.K.I.L.L. - Special Force 2 (Shooter),"Dragonfly GF Co., LTD",Space Budgie,8049,3267,0,3500000.0,0,0,0,0,0,0,0,0
740130,Tales of ARISE,Bandai Namco Studios Inc.,Bandai Namco Entertainment,30379,4403,0,3500000.0,0,0,0,0,4999,4999,0,182
17390,SPORE,Maxis™,Electronic Arts,61124,4996,0,3500000.0,0,0,0,0,1999,1999,0,599
530700,Argo,Bohemia Interactive,Bohemia Interactive,5610,5315,0,3500000.0,0,0,0,0,0,0,0,1
2622380,ELDEN RING NIGHTREIGN,"FromSoftware, Inc.","FromSoftware, Inc., Bandai Namco Entertainment",48901,16771,0,3500000.0,0,0,0,0,3999,3999,0,163599
220240,Far Cry 3,"Ubisoft Montreal, Massive Entertainment, and Ubisoft Shanghai",Ubisoft,101914,12105,0,3500000.0,0,0,0,0,399,1999,80,488
1217060,Gunfire Reborn,Gunfire Reborn Studio,Duoyi Games,92655,6517,0,3500000.0,0,0,0,0,1399,1999,30,1428
1248130,Farming Simulator 22,Giants Software,Giants Software,78110,6402,0,3500000.0,0,0,0,0,1999,1999,0,5419
437900,Party Jousting,vikingfabian,vikingfabian,662,61,0,3500000.0,0,0,0,0,0,0,0,1
635260,CarX Drift Racing Online,"CarX Technologies, LLC","CarX Technologies, LLC",79504,3912,0,3500000.0,0,0,0,0,339,1699,80,1658
259080,Just Cause 2: Multiplayer Mod,Avalanche Studios,Square Enix,13558,1246,0,3500000.0,0,0,0,0,0,0,0,7
414340,Hellblade: Senua's Sacrifice,Ninja Theory,"Ninja Theory, Xbox Game Studios",66212,7260,0,3500000.0,0,0,0,0,2999,2999,0,73
42700,Call of Duty: Black Ops,Treyarch,Activision,36530,3695,0,3500000.0,0,0,0,0,3999,3999,0,527
108710,Alan Wake,Remedy Entertainment,Remedy Entertainment,44449,4714,0,3500000.0,0,0,0,0,1499,1499,0,165
55100,Homefront,"Kaos Studios, Digital Extremes",Deep Silver,7787,4980,0,3500000.0,0,0,0,0,1999,1999,0,12
1520470,封灵档案,（Hong Kong）GKD,（Hong Kong）GKD,21945,4737,0,3500000.0,0,0,0,0,0,0,0,656
644560,Mirror,KAGAMI WORKS,Paradise Project,80419,2554,0,3500000.0,0,0,0,0,199,199,0,106
1263850,Football Manager 2021,Sports Interactive,SEGA,22342,1558,0,3500000.0,0,0,0,0,0,0,0,1122
407530,ARK: Survival Of The Fittest,"Studio Wildcard, Instinct Games, Efecto Studios, Virtual Basement LLC",Studio Wildcard,7766,3926,0,3500000.0,0,0,0,0,449,1499,70,43
774171,Muse Dash,peropero,hasuhasu,107491,11938,0,3500000.0,0,0,0,0,299,299,0,672
279720,The I of the Dragon,Primal,TopWare Interactive,676,321,0,3500000.0,0,0,0,0,319,799,60,1
201810,Wolfenstein: The New Order,MachineGames,Bethesda Softworks,51691,4778,0,3500000.0,0,0,0,0,499,1999,75,417
319510,Five Nights at Freddy's,Scott Cawthon,Scott Cawthon,48831,3406,0,3500000.0,0,0,0,0,499,499,0,118
1888160,ARMORED CORE VI FIRES OF RUBICON,"FromSoftware, Inc.","FromSoftware, Inc., Bandai Namco Entertainment Inc.",70425,6617,0,3500000.0,0,0,0,0,5999,5999,0,1011
674020,World War 3,Wishlist Games,Wishlist Games,29495,25034,0,3500000.0,0,0,0,0,0,0,0,59
310950,Street Fighter V,"CAPCOM Co., Ltd.","CAPCOM Co., Ltd.",29529,14122,0,3500000.0,0,0,0,0,999,1999,50,170
952060,Resident Evil 3,"CAPCOM Co., Ltd.","CAPCOM Co., Ltd.",74536,16699,0,3500000.0,0,0,0,0,799,3999,80,362
949230,Cities: Skylines II,"Iceflake Studios, Colossal Order",Paradox Interactive,38697,34827,0,3500000.0,0,0,0,0,4999,4999,0,5392
1466860,Age of Empires IV: Anniversary Edition,"World's Edge, Relic Entertainment, Forgotten Empires, Climax Studios",Xbox Game Studios,69559,11311,0,3500000.0,0,0,0,0,3999,3999,0,7084
1904540,Football Manager 2023,Sports Interactive,SEGA,17645,2012,0,3500000.0,0,0,0,0,0,0,0,4178
388410,Darksiders II Deathinitive Edition,"Gunfire Games, Vigil Games, THQ Nordic",THQ Nordic,14223,3887,0,3500000.0,0,0,0,0,2999,2999,0,78
544810,KARDS - The WWII Card Game,1939 Games,1939 Games,28543,10136,0,3500000.0,0,0,0,0,0,0,0,4796
611500,Quake Champions,id Software,Bethesda Softworks,28297,10068,0,3500000.0,0,0,0,0,0,0,0,203
50,Half-Life: Opposing Force,Gearbox Software,Valve,24363,1198,0,3500000.0,0,0,0,0,499,499,0,74
1408720,Krunker,FRVR,FRVR,21147,5599,0,3500000.0,0,0,0,0,0,0,0,32
310560,DiRT Rally,"Codemasters, Feral Interactive (Linux), Feral Interactive (Mac)","Codemasters, Feral Interactive (Linux), Feral Interactive (Mac), Electronic Arts",34981,4810,0,3500000.0,0,0,0,0,0,0,0,84
1845910,Dragon Age: The Veilguard,BioWare,Electronic Arts,28118,12361,0,3500000.0,0,0,0,0,2099,5999,65,804
254700,Resident Evil 4 (2005),Capcom,Capcom,77003,5431,0,3500000.0,0,0,0,0,499,1999,75,673
1029690,Sniper Elite 5,Rebellion,Rebellion,18453,3750,0,3500000.0,0,0,0,0,4999,4999,0,1538
12220,Grand Theft Auto: Episodes from Liberty City,Rockstar North / Toronto,Rockstar Games,7524,2647,0,3500000.0,0,0,0,0,0,0,0,0
815370,Green Hell,Creepy Jar,Creepy Jar,69304,11300,0,3500000.0,0,0,0,0,374,2499,85,1656
308040,Back to Bed,Bedtime Digital Games,Bedtime Digital Games,2296,537,0,3500000.0,0,0,0,0,599,599,0,1
470220,UNO,Ubisoft Entertainment,Ubisoft Entertainment,37173,14345,0,3500000.0,0,0,0,0,999,999,0,291
302830,BLOCKADE 3D,Novalink,Novalink,14974,10584,0,3500000.0,0,0,0,0,0,0,0,4
242920,Banished,Shining Rock Software LLC,Shining Rock Software LLC,38173,4073,0,3500000.0,0,0,0,0,1999,1999,0,477
236110,Dungeon Defenders II,Chromatic Games,Chromatic Games,16882,4941,0,3500000.0,0,0,0,0,0,0,0,351
383870,Firewatch,Campo Santo,"Panic, Campo Santo",81777,8661,0,3500000.0,0,0,0,0,1999,1999,0,81
1237950,STAR WARS Battlefront II,DICE,Electronic Arts,62342,8866,0,3500000.0,0,0,0,0,999,3999,75,9213
1399780,Spellbreak,"Proletariat, Inc.","Proletariat, Inc.",12119,1887,0,3500000.0,0,0,0,0,0,0,0,1
312660,Sniper Elite 4,Rebellion,Rebellion,53923,5232,0,3500000.0,0,0,0,0,5999,5999,0,541
502500,ACE COMBAT 7: SKIES UNKNOWN,Bandai Namco Studios Inc.,Bandai Namco Entertainment,42202,5990,0,3500000.0,0,0,0,0,1499,7499,80,340
632470,Disco Elysium - The Final Cut,ZA/UM,ZA/UM,104010,7702,0,3500000.0,0,0,0,0,3999,3999,0,918
200260,Batman: Arkham City - Game of the Year Edition,Rocksteady Studios,WB Games,65947,2689,0,3500000.0,0,0,0,0,399,1999,80,655
393380,Squad,Offworld,Offworld,175088,35463,0,3500000.0,0,0,0,0,3999,3999,0,9116
303390,Dead Bits,Microblast Games,SA Industry,5141,3408,0,3500000.0,0,0,0,0,49,499,90,2
280,Half-Life: Source,Valve,Valve,11068,4988,0,3500000.0,0,0,0,0,999,999,0,27
783770,Ironsight,"WipleGames Inc.,","WipleGames Inc.,",16204,6206,0,3500000.0,0,0,0,0,0,0,0,64
212070,Star Conflict,Star Gem Inc.,Gaijin Network Ltd,10879,3974,0,3500000.0,0,0,0,0,0,0,0,95
110800,L.A. Noire,"Team Bondi, Rockstar Leeds",Rockstar Games,29214,4812,0,3500000.0,0,0,0,0,1999,1999,0,150
41070,Serious Sam 3: BFE,Croteam,Devolver Digital,24491,3224,0,3500000.0,0,0,0,0,2999,2999,0,105
50300,Spec Ops: The Line,YAGER,"2K, Missing Link Games",51267,3642,0,3500000.0,0,0,0,0,0,0,0,31
1284210,Guild Wars 2,ArenaNet®,ArenaNet®,19151,2392,0,3500000.0,0,0,0,0,0,0,0,3277
485510,Nioh: Complete Edition,"KOEI TECMO GAMES CO., LTD.","KOEI TECMO GAMES CO., LTD.",27867,7025,0,3500000.0,0,0,0,0,4999,4999,0,291
35700,Trine Enchanted Edition,Frozenbyte,Frozenbyte,14696,649,0,3500000.0,0,0,0,0,1499,1499,0,16
210770,Sanctum 2,Coffee Stain Studios,Coffee Stain Publishing,12856,1435,0,3500000.0,0,0,0,0,299,1499,80,15
282140,SOMA,Frictional Games,Frictional Games,43530,1835,0,3500000.0,0,0,0,0,2999,2999,0,57
495420,State of Decay 2: Juggernaut Edition,Undead Labs,Xbox Game Studios,52001,10715,0,3500000.0,0,0,0,0,2999,2999,0,1281
323580,Jotun: Valhalla Edition,Thunder Lotus,Thunder Lotus,6536,1905,0,3500000.0,0,0,0,0,1499,1499,0,3
225260,Brutal Legend,Double Fine Productions,"Double Fine Productions, Xbox Game Studios",17657,1314,0,3500000.0,0,0,0,0,299,1499,80,36
2835570,Buckshot Roulette,Mike Klubnika,CRITICAL REFLEX,91745,3796,0,3500000.0,0,0,0,0,299,299,0,793
464920,Surviving Mars,"Haemimont Games, Abstraction",Paradox Interactive,22472,4098,0,3500000.0,0,0,0,0,2999,2999,0,507
9900,Star Trek Online,Cryptic Studios,Arc Games,15939,4206,0,3500000.0,0,0,0,0,0,0,0,1057
7940,Call of Duty 4: Modern Warfare (2007),Infinity Ward,Activision,23438,1632,0,3500000.0,0,0,0,0,1999,1999,0,377
493340,Planet Coaster,"Frontier Developments, Aspyr (Mac)","Frontier Developments, Aspyr (Mac)",64131,6147,0,3500000.0,0,0,0,0,4499,4499,0,687
343710,Kholat,IMGN.PRO,IMGN.PRO,4485,2238,0,3500000.0,0,0,0,0,499,1999,75,1
504230,Celeste,"Maddy Makes Games Inc., Extremely OK Games, Ltd.",Maddy Makes Games Inc.,117545,3057,0,3500000.0,0,0,0,0,1999,1999,0,1174
265590,The Red Solstice,Ironward,Ironward,1772,729,0,3500000.0,0,0,0,0,999,999,0,5
394510,HELLDIVERS Dive Harder Edition,Arrowhead Game Studios,PlayStation Publishing LLC,28441,3078,0,3500000.0,0,0,0,0,1999,1999,0,209
1128810,RISK: Global Domination,SMG Studio,SMG Studio,31060,7783,0,3500000.0,0,0,0,0,0,0,0,2153
325610,Total War: ATTILA,"CREATIVE ASSEMBLY, Feral Interactive","SEGA, Feral Interactive",28785,6287,0,3500000.0,0,0,0,0,4499,4499,0,1422
1643320,S.T.A.L.K.E.R. 2: Heart of Chornobyl,GSC Game World,"GSC Game World (worldwide), SEGA (Japan), 4Divinity (China and South East Asia)",91274,22072,0,3500000.0,0,0,0,0,5999,5999,0,2403
204450,Call of Juarez: Gunslinger,Techland,Techland Publishing,38679,2027,0,3500000.0,0,0,0,0,149,1499,90,91
63380,Sniper Elite V2,Rebellion,Rebellion,22263,2958,0,3500000.0,0,0,0,0,0,0,0,34
268420,Aura Kingdom,X-Legend,Aeria Games,6676,1884,0,3500000.0,0,0,0,0,0,0,0,1
482730,Football Manager 2017,Sports Interactive,SEGA,6576,4465,0,3500000.0,0,0,0,0,0,0,0,388
360970,Heaven Forest NIGHTS,Fabio Ferrara,Chubby Pixel,227,112,0,3500000.0,0,0,0,0,49,99,51,0
22370,Fallout 3: Game of the Year Edition,Bethesda Game Studios,Bethesda Softworks,41078,9515,0,3500000.0,0,0,0,0,659,1999,67,318
349040,NARUTO SHIPPUDEN: Ultimate Ninja STORM 4,CyberConnect2 Co. Ltd.,BANDAI NAMCO Entertainment,80515,7987,0,3500000.0,0,0,0,0,1999,1999,0,384
823130,Totally Accurate Battlegrounds,Landfall,Landfall,76919,10093,0,3500000.0,0,0,0,0,0,0,0,121
204100,Max Payne 3,Rockstar Studios,Rockstar Games,49420,7656,0,3500000.0,0,0,0,0,1999,1999,0,197
1184370,Pathfinder: Wrath of the Righteous - Enhanced Edition,Owlcat Games,"META Publishing, Owlcat Games",32303,6193,0,3500000.0,0,0,0,0,1999,1999,0,1874
640820,Pathfinder: Kingmaker — Enhanced Plus Edition,Owlcat Games,Knights Peak,26001,7420,0,3500000.0,0,0,0,0,1999,1999,0,590
47890,The Sims 3,"The Sims Studio, Maxis",Electronic Arts,28544,4366,0,3500000.0,0,0,0,0,1999,1999,0,1264
637650,FINAL FANTASY XV WINDOWS EDITION,Square Enix,Square Enix,44632,9056,0,3500000.0,0,0,0,0,3499,3499,0,339
703080,Planet Zoo,Frontier Developments,Frontier Developments,80029,7820,0,3500000.0,0,0,0,0,4499,4499,0,2497
35140,Batman: Arkham Asylum Game of the Year Edition,Rocksteady Studios,WB Games,70940,2711,0,3500000.0,0,0,0,0,299,1999,85,601
460950,Katana ZERO,Askiisoft,Devolver Digital,69672,1397,0,3500000.0,0,0,0,0,1499,1499,0,82
50620,Darksiders,Vigil Games,THQ Nordic,11074,1328,0,3500000.0,0,0,0,0,1999,1999,0,9
337000,Deus Ex: Mankind Divided,"Eidos Montreal, Feral Interactive (Linux/Mac)","Eidos Interactive Corp., Feral Interactive (Linux/Mac)",31037,9813,0,3500000.0,0,0,0,0,2999,2999,0,205
433340,Slime Rancher,Monomi Park,Monomi Park,135271,2826,0,3500000.0,0,0,0,0,499,1999,75,858
238010,Deus Ex: Human Revolution - Director's Cut,Eidos Montreal,Eidos Interactive Corp.,25909,2216,0,3500000.0,0,0,0,0,1999,1999,0,193
527230,For The King,IronOak Games,Curve Games,36581,4906,0,3500000.0,0,0,0,0,1999,1999,0,428
39120,RIFT,gamigo US Inc.,gamigo US Inc.,8347,2896,0,3500000.0,0,0,0,0,0,0,0,139
307690,Sleeping Dogs: Definitive Edition,"United Front Games, Feral Interactive (Mac)","Square Enix, Feral Interactive (Mac)",64644,4385,0,3500000.0,0,0,0,0,1999,1999,0,524
266840,Age of Mythology: Extended Edition,"SkyBox Labs, Ensemble Studios, Forgotten Empires",Xbox Game Studios,32895,2413,0,3500000.0,0,0,0,0,2999,2999,0,804
2054970,Dragon's Dogma 2,"CAPCOM Co., Ltd.","CAPCOM Co., Ltd.",65154,41785,0,3500000.0,0,0,0,0,3999,3999,0,768
645630,Car Mechanic Simulator 2018,Red Dot Games,PlayWay S.A.,47065,4456,0,3500000.0,0,0,0,0,1999,1999,0,202
300,Day of Defeat: Source,Valve,Valve,20798,1891,0,3500000.0,0,0,0,0,999,999,0,238
1790600,DRAGON BALL: Sparking! ZERO,"Spike Chunsoft Co., Ltd.",Bandai Namco Entertainment,58221,6959,0,3500000.0,0,0,0,0,4999,4999,0,949
368260,Marvel's Midnight Suns,Firaxis Games,2K,17871,4003,0,3500000.0,0,0,0,0,5999,5999,0,436
389570,Mitos.is: The Game,Freakinware Studios,Freakinware Studios,9560,2271,0,3500000.0,0,0,0,0,0,0,0,43
736590,Operation: Harsh Doorstop,Drakeling Labs,"Funbox Media Ltd, ZOOM Platform Media",14167,4253,0,3500000.0,0,0,0,0,0,0,0,119
1637320,Dome Keeper,Bippinbits,Raw Fury,14952,1260,0,3500000.0,0,0,0,0,1799,1799,0,402
409720,BioShock 2 Remastered,"2K Marin, 2K China, Digital Extremes, 2K Australia, Blind Squirrel, Feral Interactive (Mac)","2K, Feral Interactive (Mac)",18860,7762,0,3500000.0,0,0,0,0,1999,1999,0,198
975370,Dwarf Fortress,Bay 12 Games,Kitfox Games,27134,1445,0,3500000.0,0,0,0,0,2999,2999,0,915
15620,"Warhammer 40,000: Dawn of War II - Anniversary Edition (Classic)","Relic Entertainment, Feral Interactive (Mac/Linux)","Relic Entertainment, Feral Interactive (Mac/Linux)",11298,1476,0,3500000.0,0,0,0,0,999,4999,80,152
1371980,No Rest for the Wicked,Moon Studios GmbH,Moon Studios GmbH,39563,10970,0,3500000.0,0,0,0,0,3999,3999,0,947
993090,Lossless Scaling,THS,THS,22235,2653,0,3500000.0,0,0,0,0,699,699,0,5667
476480,Heaven Forest - VR MMO,Fabio Ferrara,Chubby Pixel,331,156,0,3500000.0,0,0,0,0,49,99,51,1
65930,The Bureau: XCOM Declassified,2K Marin,2K,8277,3509,0,3500000.0,0,0,0,0,399,1999,80,15
3132990,Black Myth: Wukong Benchmark Tool,Game Science,Game Science,4485,368,0,3500000.0,0,0,0,0,0,0,0,59
1277400,Monster Hunter Stories 2: Wings of Ruin,"CAPCOM Co., Ltd.","CAPCOM Co., Ltd.",13186,2801,0,3500000.0,0,0,0,0,3999,3999,0,118
2215430,Ghost of Tsushima DIRECTOR'S CUT,"Sucker Punch Productions, Nixxes Software",PlayStation Publishing LLC,61086,4029,0,3500000.0,0,0,0,0,5999,5999,0,2025
602960,Barotrauma,"FakeFish, Undertow Games",Daedalic Entertainment,70694,4640,0,3500000.0,0,0,0,0,1749,3499,50,2371
606150,Moonlighter,Digital Sun,11 bit studios,16395,3518,0,3500000.0,0,0,0,0,299,1999,85,127
342200,MechWarrior Online Solaris 7,Piranha Games Inc.,Piranha Games Inc.,9790,2430,0,3500000.0,0,0,0,0,0,0,0,392
1824220,Chivalry 2,Torn Banner Studios,Tripwire Presents,37673,9288,0,3500000.0,0,0,0,0,799,3999,80,1565
55150,"Warhammer 40,000: Space Marine - Anniversary Edition",Relic Entertainment,Relic Entertainment,27915,2501,0,3500000.0,0,0,0,0,999,3999,75,95
8980,Borderlands Game of the Year,Gearbox Software,2K,28944,3579,0,3500000.0,0,0,0,0,989,2999,67,142
900883,The Elder Scrolls IV: Oblivion Game of the Year Edition Deluxe (2009),Bethesda Game Studios®,Bethesda Softworks,48307,2354,0,3500000.0,0,0,0,0,1999,1999,0,0
312530,Duck Game,Landon Podbielski,CORPTRON GAMES CORP.,37172,1304,0,3500000.0,0,0,0,0,1299,1299,0,112
1139900,Ghostrunner,"One More Level, 3D Realms, Slipgate Ironworks™, All in! Games",505 Games,57713,5436,0,3500000.0,0,0,0,0,1999,3999,50,174
1343400,RuneScape ,Jagex Ltd,Jagex Ltd,20941,4397,0,3500000.0,0,0,0,0,0,0,0,2496
738060,Freddy Fazbear's Pizzeria Simulator,Scott Cawthon,Scott Cawthon,28374,1835,0,3500000.0,0,0,0,0,0,0,0,118
893520,Creative Destruction,NetEase Games,NetEase Games,14571,3940,0,3500000.0,0,0,0,0,0,0,0,0
234650,Shadowrun Returns,Harebrained Schemes,Paradox Interactive,11833,1549,0,3500000.0,0,0,0,0,1499,1499,0,31
744900,Dead Frontier 2,Creaky Corpse Ltd,Creaky Corpse Ltd,18844,7957,0,3500000.0,0,0,0,0,0,0,0,647
314160,Microsoft Flight Simulator X: Steam Edition,Microsoft Game Studios,Xbox Game Studios,22120,3483,0,3500000.0,0,0,0,0,2499,2499,0,486
1364780,Street Fighter 6,"CAPCOM Co., Ltd.","CAPCOM Co., Ltd.",48252,8414,0,3500000.0,0,0,0,0,1999,3999,50,14920
9010,Return to Castle Wolfenstein,Gray Matter Studios,Bethesda Softworks,7832,585,0,3500000.0,0,0,0,0,499,499,0,26
554620,Life is Strange: Before the Storm,"Deck Nine, Feral Interactive (Mac), Feral Interactive (Linux)","Square Enix, Feral Interactive (Mac), Feral Interactive (Linux)",34787,2506,0,3500000.0,0,0,0,0,1699,1699,0,35
368500,Assassin's Creed Syndicate,"Ubisoft Quebec, in collaboration with Ubisoft Annecy, Bucharest, Kiev, Montreal, Montpellier, Shanghai, Singapore, Sofia, Toronto studios",Ubisoft,23779,5900,0,3500000.0,0,0,0,0,2999,2999,0,173
17470,Dead Space (2008),EA Redwood Shores,Electronic Arts,25388,2272,0,3500000.0,0,0,0,0,799,1999,60,43
204300,Awesomenauts,Ronimo Games,Atari,22618,4113,0,3500000.0,0,0,0,0,1999,1999,0,83
630100,SoulWorker - Anime Action MMO,"Lion Games Co., Ltd.",Gameforge 4D GmbH,11048,2901,0,3500000.0,0,0,0,0,0,0,0,0
750920,Shadow of the Tomb Raider: Definitive Edition,"Eidos-Montréal, Crystal Dynamics, Nixxes, Feral Interactive (Mac), Feral interactive (Linux)","Crystal Dynamics, Feral Interactive (Mac), Feral interactive (Linux)",66684,12759,0,3500000.0,0,0,0,0,3999,3999,0,582
436520,Line of Sight,BlackSpot Entertainment,BlackSpot Entertainment,5402,3653,0,3500000.0,0,0,0,0,0,0,0,9
1659040,HITMAN World of Assassination,IO Interactive A/S,IO Interactive A/S,39449,6333,0,3500000.0,0,0,0,0,2999,2999,0,2637
788100,Neon Abyss,Veewo Games,"Team17, Veewo Games",19957,3183,0,3500000.0,0,0,0,0,787,3149,75,161
858820,Tribes of Midgard,Norsfell,"Gearbox Publishing, 2K",17197,5278,0,3500000.0,0,0,0,0,1999,1999,0,113
680420,OUTRIDERS,People Can Fly,Square Enix,40267,20201,0,3500000.0,0,0,0,0,1999,1999,0,178
678960,CODE VEIN,Bandai Namco Studios,Bandai Namco Entertainment,48327,8991,0,3500000.0,0,0,0,0,599,5999,90,443
1611910,"Warhammer 40,000: Chaos Gate - Daemonhunters",Complex Games,Frontier Foundry,10162,2945,0,3500000.0,0,0,0,0,1124,4499,75,373
206440,To the Moon,Freebird Games,"Freebird Games, Serenity Forge",77246,3015,0,3500000.0,0,0,0,0,999,999,0,86
613010,Secret in Story,Naivus Luo,Naivus Luo,79,35,0,3500000.0,0,0,0,0,99,99,0,0
424280,Iron Snout,SnoutUp,SnoutUp,16955,391,0,3500000.0,0,0,0,0,0,0,0,13
212160,Vindictus,devCAT,NEXON Korea Corp. &amp; NEXON America Inc.,5300,2563,0,3500000.0,0,0,0,0,0,0,0,141
1030830,Mafia II: Definitive Edition,"Hangar 13, D3T",2K,21955,8309,0,3500000.0,0,0,0,0,2999,2999,0,538
365450,Hacknet,Team Fractal Alligator,Fellow Traveller,23511,1604,0,3500000.0,0,0,0,0,999,999,0,31
302510,Ryse: Son of Rome,Crytek,Crytek ,35415,5411,0,3500000.0,0,0,0,0,999,999,0,83
22330,The Elder Scrolls IV: Oblivion Game of the Year Edition (2009),Bethesda Game Studios,Bethesda Softworks,48307,2354,0,3500000.0,0,0,0,0,1499,1499,0,1156
1687950,Persona 5 Royal,ATLUS,SEGA,99657,3487,0,3500000.0,0,0,0,0,5999,5999,0,4994
238370,Magicka 2,Pieces Interactive,Paradox Interactive,11061,2330,0,3500000.0,0,0,0,0,1499,1499,0,26
113020,Monaco: What's Yours Is Mine,Pocketwatch Games,Balor Games,7728,800,0,3500000.0,0,0,0,0,1499,1499,0,6
3070070,TCG Card Shop Simulator,OPNeon Games,OPNeon Games,38392,1107,0,3500000.0,0,0,0,0,1999,1999,0,1661
977950,A Dance of Fire and Ice,7th Beat Games,"7th Beat Games, indienova",69052,4419,0,3500000.0,0,0,0,0,599,599,0,1870
6860,Hitman: Blood Money,Io-Interactive A/S,Io-Interactive A/S,13213,821,0,3500000.0,0,0,0,0,99,999,90,66
1057240,Crucible Beta,Relentless Studios,Amazon Games,4624,6120,0,3500000.0,0,0,0,0,0,0,0,0
268050,The Evil Within,Tango Gameworks,Bethesda Softworks,25820,4485,0,3500000.0,0,0,0,0,499,1999,75,211
511470,Glass Masquerade,Onyx Lute,Onyx Lute,6405,202,0,3500000.0,0,0,0,0,124,499,75,11
389430,Knight Online,"Noah System, Mgame",NTTGame,5482,5404,0,3500000.0,0,0,0,0,0,0,0,1421
289130,ENDLESS Legend,AMPLITUDE Studios,AMPLITUDE Studios,15589,3042,0,3500000.0,0,0,0,0,299,2999,90,173
488790,South Park: The Fractured But Whole,Ubisoft San Francisco,Ubisoft,24764,4520,0,3500000.0,0,0,0,0,2999,2999,0,250
493520,GTFO,10 Chambers,10 Chambers,52357,9740,0,3500000.0,0,0,0,0,3999,3999,0,307
546560,Half-Life: Alyx,Valve,Valve,95555,1674,0,3500000.0,0,0,0,0,5999,5999,0,202
439190,Stories: The Path of Destinies,Spearhead Games,Spearhead Games,5754,767,0,3500000.0,0,0,0,0,1499,1499,0,3
67370,The Darkness II,Digital Extremes,2K,18121,1651,0,3500000.0,0,0,0,0,299,2999,90,19
845070,The Awesome Adventures of Captain Spirit,DONTNOD Entertainment,Square Enix,13218,1036,0,3500000.0,0,0,0,0,0,0,0,16
453480,Shadowverse CCG,"Cygames, Inc.","Cygames, Inc., Cygames Korea Inc.",10839,3875,0,3500000.0,0,0,0,0,0,0,0,1122
633230,NARUTO TO BORUTO: SHINOBI STRIKER,Soleil Ltd.,Bandai Namco Entertainment,47138,8892,0,3500000.0,0,0,0,0,1999,1999,0,255
32370,STAR WARS Knights of the Old Republic,"BioWare, Aspyr (Mac)","LucasArts, Aspyr (Mac), Disney, Lucasfilm",28928,2810,0,3500000.0,0,0,0,0,999,999,0,424
476600,Call of Duty: WWII,"Sledgehammer Games, Raven Software",Activision,30055,13278,0,3500000.0,0,0,0,0,5999,5999,0,298
1404210,Red Dead Online,Rockstar Games,Rockstar Games,55526,11255,0,3500000.0,0,0,0,0,999,1999,50,2207
1557740,ROUNDS,Landfall,Landfall,34893,1765,0,3500000.0,0,0,0,0,599,599,0,555
1619450,Heart of a Warrior,Techworld Communication,Techworld Communication ,0,1,0,3500000.0,0,0,0,0,1099,1099,0,0
683320,GRIS,Nomada Studio,Devolver Digital,80404,3044,0,3500000.0,0,0,0,0,1499,1499,0,67
2551020,One-armed robber,Duhndal,Duhndal,35393,3335,0,3500000.0,0,0,0,0,0,0,0,786
1536610,OpenTTD,OpenTTD,OpenTTD,13845,549,0,1500000.0,0,0,0,0,0,0,0,445
386940,Ultimate Chicken Horse,Clever Endeavour Games,Clever Endeavour Games,46319,1981,0,1500000.0,0,0,0,0,1499,1499,0,350
346010,Besiege,Spiderling Studios,Spiderling Studios,47491,2263,0,1500000.0,0,0,0,0,299,1499,80,243
924970,Back 4 Blood,Turtle Rock Studios,Warner Bros. Games,46833,21608,0,1500000.0,0,0,0,0,5999,5999,0,1288
349700,Romero's Aftermath,Free Reign Entertainment,"OP Productions LLC, Free Reign East LLC",5385,5693,0,1500000.0,0,0,0,0,0,0,0,0
208140,ENDLESS Space - Definitive Edition,AMPLITUDE Studios,AMPLITUDE Studios,7540,1824,0,1500000.0,0,0,0,0,999,999,0,106
206500,AirMech Strike,Carbon Games,Carbon Games,8984,1695,0,1500000.0,0,0,0,0,0,0,0,30
57690,Tropico 4,Haemimont Games,Kalypso Media Digital,11400,1027,0,1500000.0,0,0,0,0,1499,1499,0,87
2322010,God of War Ragnarök,"Santa Monica Studio, Jetpack Interactive",PlayStation Publishing LLC,27127,4261,0,1500000.0,0,0,0,0,5999,5999,0,1591
274940,Depth,Ammobox Studios,Ammobox Studios,28701,3964,0,1500000.0,0,0,0,0,1999,1999,0,13
412220,DDraceNetwork,DDNet Team,DDNet Team,33440,4010,0,1500000.0,0,0,0,0,0,0,0,2679
1290000,PowerWash Simulator,FuturLab,FuturLab,50767,1643,0,1500000.0,0,0,0,0,2499,2499,0,2547
1286680,Tiny Tina's Wonderlands,Gearbox Software,2K,15933,6053,0,1500000.0,0,0,0,0,2999,2999,0,866
39500,Gothic 3,Piranha Bytes,THQ Nordic,9244,2120,0,1500000.0,0,0,0,0,1999,1999,0,173
872790,Football Manager 2019,Sports Interactive,SEGA,10827,1653,0,1500000.0,0,0,0,0,0,0,0,581
291650,Pillars of Eternity,Obsidian Entertainment,Xbox Game Studios,21751,2899,0,1500000.0,0,0,0,0,2999,2999,0,204
17330,Crysis Warhead,Crytek,Electronic Arts,3280,544,0,1500000.0,0,0,0,0,1999,1999,0,5
1533390,Gorilla Tag,Another Axiom Inc.,Another Axiom Inc.,64966,6197,0,1500000.0,0,0,0,0,1999,1999,0,852
606280,Darksiders III,Gunfire Games,THQ Nordic,11626,3571,0,1500000.0,0,0,0,0,3999,3999,0,52
10500,Total War: EMPIRE – Definitive Edition,"CREATIVE ASSEMBLY, Feral Interactive (Mac), Feral Interactive (Linux)","SEGA, Feral Interactive (Mac), Feral Interactive (Linux)",32211,3269,0,1500000.0,0,0,0,0,2499,2499,0,2028
1476970,Legends of IdleOn - Idle MMO,Lavaflame2,Lavaflame2,17310,4406,0,1500000.0,0,0,0,0,0,0,0,11081
1262580,Need for Speed Payback,Ghost Games,Electronic Arts,24868,4186,0,1500000.0,0,0,0,0,2999,2999,0,204
246620,Plague Inc: Evolved,Ndemic Creations,Ndemic Creations,52571,3093,0,1500000.0,0,0,0,0,1499,1499,0,1494
319830,AX:EL - Air XenoDawn,Alex Piola,KISS ltd,899,293,0,1500000.0,0,0,0,0,0,0,0,4
324800,Shadow Warrior 2,Flying Wild Hog,Devolver Digital,23758,3472,0,1500000.0,0,0,0,0,299,2999,90,61
341800,Keep Talking and Nobody Explodes,Steel Crate Games,Steel Crate Games,15346,401,0,1500000.0,0,0,0,0,1499,1499,0,148
322500,SUPERHOT,SUPERHOT Team,SUPERHOT Team,35390,3386,0,1500000.0,0,0,0,0,2499,2499,0,43
939960,Far Cry New Dawn,"Ubisoft Montreal, Ubisoft Kiev, Ubisoft Shanghai",Ubisoft,24362,7819,0,1500000.0,0,0,0,0,3999,3999,0,215
239820,Game Dev Tycoon,Greenheart Games,Greenheart Games,34126,1657,0,1500000.0,0,0,0,0,999,999,0,157
509980,BIGFOOT,CyberLight Game Studio,CyberLight Game Studio,17125,3741,0,1500000.0,0,0,0,0,1999,1999,0,121
364360,Total War: WARHAMMER,"CREATIVE ASSEMBLY, Feral Interactive (Linux), Feral Interactive (Mac)","SEGA, Feral Interactive (Linux), Feral Interactive (Mac)",40889,11533,0,1500000.0,0,0,0,0,5999,5999,0,297
492720,Tropico 6,"Limbic Entertainment, Realmforge Studios",Kalypso Media,23776,3415,0,1500000.0,0,0,0,0,3999,3999,0,575
12110,Grand Theft Auto: Vice City,Rockstar Games,Rockstar Games,27142,2134,0,1500000.0,0,0,0,0,0,0,0,113
460790,Bayonetta,PlatinumGames,SEGA,26797,2156,0,1500000.0,0,0,0,0,1999,1999,0,109
1213210,Command & Conquer Remastered Collection,"Petroglyph, Lemon Sky Studios",Electronic Arts,29891,3069,0,1500000.0,0,0,0,0,499,1999,75,564
627690,Idle Champions of the Forgotten Realms,Codename Entertainment Inc.,Codename Entertainment Inc.,11212,3268,0,1500000.0,0,0,0,0,0,0,0,3034
569480,Kingdoms and Castles,"Lion Shield, LLC","Lion Shield, LLC",27743,1972,0,1500000.0,0,0,0,0,999,1999,50,317
2021910,FPS Chess,Meta Fork,DigiPen Institute of Technology,31223,5909,0,1500000.0,0,0,0,0,0,0,0,228
242860,Verdun,BlackMill Games,BlackMill Games,32142,5175,0,1500000.0,0,0,0,0,1499,5999,75,64
239160,Thief,"Eidos-Montréal, Feral Interactive (Mac)","Eidos Interactive Corp., Feral Interactive (Mac)",17337,5926,0,1500000.0,0,0,0,0,1999,1999,0,110
391460,WARMODE,Novalink,Novalink,10255,6275,0,1500000.0,0,0,0,0,0,0,0,2
636480,Ravenfield,SteelRaven7,SteelRaven7,71341,2264,0,1500000.0,0,0,0,0,1799,1799,0,617
2100,Dark Messiah of Might & Magic,Arkane Studios,Ubisoft,9813,951,0,1500000.0,0,0,0,0,999,999,0,45
228280,Baldur's Gate: Enhanced Edition,Beamdog,Beamdog,15123,1275,0,1500000.0,0,0,0,0,1999,1999,0,378
21690,Resident Evil 5,Capcom,Capcom,42807,6310,0,1500000.0,0,0,0,0,499,1999,75,566
2420510,HoloCure - Save the Fans!,KayAnimate,KayAnimate,37623,363,0,1500000.0,0,0,0,0,0,0,0,645
629730,Blade and Sorcery,WarpFrog,WarpFrog,55566,1919,0,1500000.0,0,0,0,0,2999,2999,0,657
113420,Fallen Earth Free2Play,Little Orbit,Little Orbit,4484,3047,0,1500000.0,0,0,0,0,0,0,0,1
304240,Resident Evil,"CAPCOM Co., Ltd.","CAPCOM Co., Ltd.",24613,2154,0,1500000.0,0,0,0,0,499,1999,75,186
269210,Hero Siege,Panic Art Studios Ltd,Panic Art Studios Ltd,29813,13699,0,1500000.0,0,0,0,0,799,799,0,369
706990,BLOCKPOST,Skullcap Studios,Skullcap Studios,12342,4219,0,1500000.0,0,0,0,0,0,0,0,13
621060,PC Building Simulator,"Claudiu Kiss, The Irregular Corporation",The Irregular Corporation,48356,3299,0,1500000.0,0,0,0,0,1999,1999,0,132
48190,Assassin’s Creed Brotherhood,Ubisoft Montreal,Ubisoft,20484,2652,0,1500000.0,0,0,0,0,1999,1999,0,169
638970,Yakuza 0,Ryu Ga Gotoku Studio,SEGA,70292,3189,0,1500000.0,0,0,0,0,1099,1999,45,550
24010,Train Simulator Classic,Dovetail Games,"Dovetail Games - Trains, Dovetail Games",20015,8172,0,1500000.0,0,0,0,0,599,2999,80,503
228380,Wreckfest,Bugbear,THQ Nordic,34031,4586,0,1500000.0,0,0,0,0,2999,2999,0,328
327690,Gigantic,Motiga Inc.,Perfect World Entertainment,5759,1731,0,1500000.0,0,0,0,0,0,0,0,0
417860,Emily is Away,Kyle Seeley,Kyle Seeley,28260,3636,0,1500000.0,0,0,0,0,0,0,0,9
1262350,SIGNALIS,rose-engine,Balor Games,25320,837,0,1500000.0,0,0,0,0,1999,1999,0,108
1058020,"STAR WARS Battlefront (Classic, 2004)",Pandemic Studios,"Lucasfilm, LucasArts, Disney",4186,153,0,1500000.0,0,0,0,0,999,999,0,50
582160,Assassin's Creed Origins,Ubisoft Montreal,Ubisoft,97301,16195,0,1500000.0,0,0,0,0,5999,5999,0,1604
287450,Rise of Nations: Extended Edition,"SkyBox Labs, Big Huge Games",Xbox Game Studios,13962,782,0,1500000.0,0,0,0,0,1999,1999,0,522
582500,We Were Here,Total Mayhem Games,Total Mayhem Games,27014,2983,0,1500000.0,0,0,0,0,0,0,0,142
442080,Riders of Icarus,"WeMade, VALOFE",VALOFE,7083,3643,0,1500000.0,0,0,0,0,0,0,0,4
519860,DUSK,David Szymanski,New Blood Interactive,22830,639,0,1500000.0,0,0,0,0,1999,1999,0,36
22320,The Elder Scrolls III: Morrowind Game of the Year Edition,Bethesda Game Studios,Bethesda Softworks,25172,1212,0,1500000.0,0,0,0,0,599,1499,60,635
704270,Generation Zero,Systemic Reaction™,Avalanche Studios,29053,11451,0,1500000.0,0,0,0,0,499,2499,80,234
40990,Mafia,Illusion Softworks,2K,13346,1911,0,1500000.0,0,0,0,0,1499,1499,0,59
1627140,Sabre Team,Krisalis Software,Ziggurat,2,2,0,1500000.0,0,0,0,0,244,699,65,0
612880,Wolfenstein II: The New Colossus,MachineGames,Bethesda Softworks,36084,8413,0,1500000.0,0,0,0,0,599,3999,85,290
638070,Murderous Pursuits,Blazing Griffin,Blazing Griffin,1794,1022,0,1500000.0,0,0,0,0,999,999,0,3
3146520,WEBFISHING,lamedeveloper,lamedeveloper,64473,1337,0,1500000.0,0,0,0,0,499,499,0,686
537180,Digimon Masters Online,"Move Games Co., Ltd.",MOVE ON USA CO.,5461,2664,0,1500000.0,0,0,0,0,0,0,0,236
232890,Stronghold Crusader 2,Firefly Studios,Firefly Studios,12328,4754,0,1500000.0,0,0,0,0,3999,3999,0,217
6000,STAR WARS Republic Commando,LucasArts,"LucasArts, Lucasfilm, Disney",15357,687,0,1500000.0,0,0,0,0,999,999,0,68
1049410,Superliminal,Pillow Castle,Pillow Castle,28522,1629,0,1500000.0,0,0,0,0,1999,1999,0,65
1343370,Old School RuneScape,Jagex Ltd,Jagex Ltd,15244,3091,0,1500000.0,0,0,0,0,0,0,0,1050
1238860,Battlefield 4,DICE,Electronic Arts,60650,10498,0,1500000.0,0,0,0,0,399,3999,90,1153
961200,Predecessor,Omeda Studios,Omeda Studios,10260,3776,0,1500000.0,0,0,0,0,0,0,0,1816
102600,Orcs Must Die!,Robot Entertainment,Robot Entertainment,7856,333,0,1500000.0,0,0,0,0,999,999,0,20
2527500,MiSide,AIHASTO,"IndieArk, Shochiku (Japan)",108883,2204,0,1500000.0,0,0,0,0,1199,1499,20,631
870780,CONTROL Ultimate Edition,Remedy Entertainment,Remedy Entertainment,44045,6403,0,1500000.0,0,0,0,0,3999,3999,0,648
24980,Mass Effect 2 (2010 Edition),BioWare,Electronic Arts,14623,920,0,1500000.0,0,0,0,0,0,0,0,8
312520,Rain World,Videocult,Akupara Games,39787,2490,0,1500000.0,0,0,0,0,2499,2499,0,836
285190,"Warhammer 40,000: Dawn of War III","Relic Entertainment, Feral Interactive (Mac), Feral Interactive (Linux)","Relic Entertainment, Feral Interactive (Mac), Feral Interactive (Linux)",10879,11638,0,1500000.0,0,0,0,0,799,3999,80,88
202170,Sleeping Dogs,United Front Games,Square Enix,16134,950,0,1500000.0,0,0,0,0,0,0,0,18
235600,Tom Clancy’s Splinter Cell Blacklist,Ubisoft Toronto,Ubisoft,15918,3989,0,1500000.0,0,0,0,0,1999,1999,0,43
34030,Total War: NAPOLEON – Definitive Edition,"CREATIVE ASSEMBLY, Feral Interactive (Mac)","SEGA, Feral Interactive (Mac)",23179,2186,0,1500000.0,0,0,0,0,2499,2499,0,929
459820,Crush Crush,Sad Panda Studios,Sad Panda Studios,24246,2949,0,1500000.0,0,0,0,0,0,0,0,892
47810,Dragon Age: Origins - Ultimate Edition,BioWare,Electronic Arts,24599,3813,0,1500000.0,0,0,0,0,749,2999,75,394
1313860,EA SPORTS FIFA 21,EA Canada,Electronic Arts,42906,13377,0,1500000.0,0,0,0,0,0,0,0,138
280790,Creativerse,Playful Corp.,Playful Corp.,24051,6924,0,1500000.0,0,0,0,0,2499,2499,0,35
2280,DOOM + DOOM II,"id Software, Nightdive Studios",Bethesda,24105,879,0,1500000.0,0,0,0,0,399,999,60,345
637090,BATTLETECH,Harebrained Schemes,Paradox Interactive,26438,5125,0,1500000.0,0,0,0,0,3999,3999,0,1446
690790,DiRT Rally 2.0,Codemasters,"Codemasters, Electronic Arts",39383,5212,0,1500000.0,0,0,0,0,1399,1999,30,631
704850,Thief Simulator,Noble Muffins,PlayWay S.A.,31601,4206,0,1500000.0,0,0,0,0,1999,1999,0,243
424370,Wolcen: Lords of Mayhem,WOLCEN Studio,WOLCEN Studio,37846,29831,0,1500000.0,0,0,0,0,2999,2999,0,30
851850,DRAGON BALL Z: KAKAROT,CyberConnect2 Co. Ltd.,Bandai Namco Entertainment Inc.,50976,3704,0,1500000.0,0,0,0,0,1499,1999,25,264
243470,Watch_Dogs,Ubisoft,Ubisoft,35770,9953,0,1500000.0,0,0,0,0,1999,1999,0,388
1384160,GUILTY GEAR -STRIVE-,Arc System Works,Arc System Works,52377,7005,0,1500000.0,0,0,0,0,3999,3999,0,2463
491950,Orwell: Keeping an Eye On You,Osmotic Studios,Daedalic Entertainment,13540,1414,0,1500000.0,0,0,0,0,999,999,0,14
2622000,Astral Party ,STAR ENGINE PROJECT,Neverland Entertainment,9547,7422,0,1500000.0,0,0,0,0,0,0,0,3227
1061910,Metal: Hellsinger,The Outsiders,Funcom,15140,626,0,1500000.0,0,0,0,0,2999,2999,0,45
247080,Crypt of the NecroDancer,Brace Yourself Games,"Brace Yourself Games, Klei Entertainment",24053,1063,0,1500000.0,0,0,0,0,1499,1499,0,114
392110,ENDLESS Space 2,AMPLITUDE Studios,AMPLITUDE Studios,18526,3664,0,1500000.0,0,0,0,0,3999,3999,0,359
47830,Medal of Honor,Electronic Arts,Electronic Arts,3382,1403,0,1500000.0,0,0,0,0,1999,1999,0,1
9340,Company of Heroes: Opposing Fronts,Relic Entertainment,SEGA,1045,93,0,1500000.0,0,0,0,0,399,1999,80,19
214420,Gear Up,Doctor Entertainment AB,Doctor Entertainment AB,6243,2119,0,1500000.0,0,0,0,0,0,0,0,4
438040,Shakes and Fidget,Playa Games GmbH,Playa Games GmbH,33837,2756,0,1500000.0,0,0,0,0,0,0,0,1389
752590,A Plague Tale: Innocence,Asobo Studio,Focus Entertainment,58909,4133,0,1500000.0,0,0,0,0,3999,3999,0,145
736220,Squad 44,Offworld,Offworld,18508,6156,0,1500000.0,0,0,0,0,1999,1999,0,143
933110,Age of Empires III: Definitive Edition,"World's Edge, Tantalus Media, Forgotten Empires",Xbox Game Studios,40941,7401,0,1500000.0,0,0,0,0,0,0,0,3016
24200,DC Universe Online,Dimensional Ink Games,Daybreak Game Company,16923,4093,0,1500000.0,0,0,0,0,0,0,0,546
304670,Aeon Command,"Bat Country Games, LLC","Bat Country Games, LLC",325,87,0,1500000.0,0,0,0,0,299,299,0,0
228200,Company of Heroes,Relic Entertainment,Relic Entertainment,16025,946,0,1500000.0,0,0,0,0,399,1999,80,864
233720,Surgeon Simulator,Bossa Studios,"Infogrames, Atari",13566,2927,0,1500000.0,0,0,0,0,999,999,0,11
1483870,Draw & Guess,Acureus,Acureus,28294,5381,0,1500000.0,0,0,0,0,499,499,0,296
692850,Bloodstained: Ritual of the Night,ArtPlay,505 Games,36999,2486,0,1500000.0,0,0,0,0,3999,3999,0,158
15100,Assassin's Creed: Director's Cut Edition,Ubisoft Montreal,Ubisoft,17822,4075,0,1500000.0,0,0,0,0,499,1999,75,61
1241100,POLYGON: Multiplayer Shooter,Redaster Studio,Redaster Studio,26313,8756,0,1500000.0,0,0,0,0,0,0,0,119
1282100,REMNANT II,Gunfire Games,"Arc Games, THQ Nordic",50249,10114,0,1500000.0,0,0,0,0,4999,4999,0,1573
287290,Resident Evil Revelations 2,"CAPCOM Co., Ltd.","CAPCOM Co., Ltd.",22413,6276,0,1500000.0,0,0,0,0,499,1999,75,141
1225330,NBA 2K21,Visual Concepts,2K,16233,22823,0,1500000.0,0,0,0,0,0,0,0,148
4920,Natural Selection 2,Unknown Worlds Entertainment,"Unknown Worlds Entertainment, KRAFTON, Inc.",11207,1932,0,1500000.0,0,0,0,0,499,499,0,95
1515950,Capcom Arcade Stadium,"CAPCOM Co., Ltd.","CAPCOM Co., Ltd.",2397,2010,0,1500000.0,0,0,0,0,5999,5999,0,32
19900,Far Cry 2,Ubisoft Montreal,Ubisoft,12895,3942,0,1500000.0,0,0,0,0,999,999,0,77
979690,The Ascent,Neon Giant,"KRAFTON, Inc.",16932,5952,0,1500000.0,0,0,0,0,2999,2999,0,211
232050,Eador. Masters of the Broken World,Snowbird Games,Snowbird Games,1871,872,0,1500000.0,0,0,0,0,1999,1999,0,31
130,Half-Life: Blue Shift,Gearbox Software,Valve,17384,1410,0,1500000.0,0,0,0,0,499,499,0,35
809960,Radical Heights,Boss Key Productions,Boss Key Productions,6072,3727,0,1500000.0,0,0,0,0,0,0,0,0
47790,Medal of Honor,Electronic Arts,Electronic Arts,7621,2438,0,1500000.0,0,0,0,0,1999,1999,0,24
253980,Enclave,Starbreeze,Topware Interactive,5068,1312,0,1500000.0,0,0,0,0,499,999,50,63
292730,Call of Duty: Infinite Warfare,Infinity Ward,Activision,16982,11396,0,1500000.0,0,0,0,0,5999,5999,0,326
774361,Blasphemous,The Game Kitchen,Team17,46393,5091,0,1500000.0,0,0,0,0,2499,2499,0,479
34270,SEGA Mega Drive and Genesis Classics,D3T Limited,SEGA,9533,2269,0,1500000.0,0,0,0,0,0,0,0,22
251060,Wargame: Red Dragon,Eugen Systems,Eugen Systems,17036,2147,0,1500000.0,0,0,0,0,2999,2999,0,434
4500,S.T.A.L.K.E.R.: Shadow of Chernobyl,GSC Game World,GSC Game World,44761,2530,0,1500000.0,0,0,0,0,1999,1999,0,185
32470,STAR WARS Empire at War - Gold Pack,Petroglyph,"LucasArts, Lucasfilm, Disney",38503,932,0,1500000.0,0,0,0,0,1999,1999,0,2818
837470,Untitled Goose Game,House House,Panic,21184,920,0,1500000.0,0,0,0,0,1999,1999,0,100
834910,ATLAS,"Grapeshot Games, Instinct Games","Grapeshot Games, Snail Games USA",20142,22392,0,1500000.0,0,0,0,0,2999,2999,0,468
454650,DRAGON BALL XENOVERSE 2,"QLOC, Dimps Corporation",Bandai Namco Entertainment,47781,5102,0,1500000.0,0,0,0,0,1999,1999,0,652
1284410,GWENT: The Witcher Card Game,CD PROJEKT RED,CD PROJEKT RED,24044,5320,0,1500000.0,0,0,0,0,0,0,0,619
1238820,Battlefield 3,DICE,Electronic Arts,10748,4612,0,1500000.0,0,0,0,0,399,3999,90,90
323470,DRAGON BALL XENOVERSE,DIMPS,BANDAI NAMCO Entertainment,18775,2127,0,1500000.0,0,0,0,0,399,3999,90,63
1089980,The Henry Stickmin Collection,PuffballsUnited,Innersloth,50017,681,0,1500000.0,0,0,0,0,1499,1499,0,185
1147560,Skul: The Hero Slayer,SOUTHPAW GAMES,NEOWIZ,51218,3683,0,1500000.0,0,0,0,0,1999,1999,0,1205
214560,Mark of the Ninja,Klei Entertainment,Microsoft Studios,15360,476,0,1500000.0,0,0,0,0,499,499,0,2
225080,Brothers - A Tale of Two Sons,Starbreeze Studios AB,505 Games,38721,2274,0,1500000.0,0,0,0,0,1499,1499,0,9
237930,Transistor,Supergiant Games,Supergiant Games,28786,1806,0,1500000.0,0,0,0,0,1999,1999,0,10
96100,Defy Gravity Extended,Paul Fisch,Fish Factory Games,7365,1187,0,1500000.0,0,0,0,0,199,199,0,0
113200,The Binding of Isaac,"Edmund McMillen, Florian Himsl",Edmund McMillen,57299,3080,0,1500000.0,0,0,0,0,499,499,0,213
2310,Quake,"id Software, Nightdive Studios, MachineGames",Bethesda Softworks,13926,474,0,1500000.0,0,0,0,0,399,999,60,82
599140,Graveyard Keeper,Lazy Bear Games,tinyBuild,37721,5926,0,1500000.0,0,0,0,0,1999,1999,0,941
1840,Source Filmmaker,Valve,Valve,37791,2868,0,1500000.0,0,0,0,0,0,0,0,1047
65980,Sid Meier's Civilization: Beyond Earth,"Firaxis Games, Aspyr (Mac), Aspyr (Linux)","2K, Aspyr (Mac), Aspyr (Linux)",13604,8974,0,1500000.0,0,0,0,0,999,3999,75,268
373420,Divinity: Original Sin - Enhanced Edition,Larian Studios,Larian Studios,26069,2997,0,1500000.0,0,0,0,0,3999,3999,0,387
1621690,Core Keeper,Pugstorm,"Fireshine Games, bilibili",51042,3937,0,1500000.0,0,0,0,0,1999,1999,0,3688
1089090,ONE PIECE: PIRATE WARRIORS 4,Koei Tecmo,BANDAI NAMCO Entertainment,18314,1666,0,1500000.0,0,0,0,0,3999,3999,0,191
311860,Data Hacker: Initiation,New Reality Games,New Reality Games,173,95,0,1500000.0,0,0,0,0,199,199,0,2
942970,Unheard - Voices of Crime,NEXT Studios,"NEXT Studios, 505 Games",30125,1184,0,1500000.0,0,0,0,0,699,699,0,68
41500,Torchlight,Runic Games,XD,6319,637,0,1500000.0,0,0,0,0,1499,1499,0,40
17080,Tribes: Ascend,Hi-Rez Studios,Hi-Rez Studios,6946,1639,0,1500000.0,0,0,0,0,0,0,0,0
1778820,TEKKEN 8,Bandai Namco Studios Inc.,Bandai Namco Entertainment,33020,28048,0,1500000.0,0,0,0,0,3999,3999,0,4409
1522820,Orcs Must Die! 3,Robot Entertainment,Robot Entertainment,12067,2016,0,1500000.0,0,0,0,0,2999,2999,0,161
23310,The Last Remnant,Square Enix,Square Enix,3308,762,0,1500000.0,0,0,0,0,0,0,0,26
487220,Freebie,"Free Games Info, hyperboreanGames",Back To Basics Gaming,1032,371,0,1500000.0,0,0,0,0,199,199,0,0
34440,Sid Meier's Civilization IV,Firaxis Games,2K,1473,145,0,1500000.0,0,0,0,0,599,2999,80,1
4570,"Warhammer 40,000: Dawn of War - Anniversary Edition (Classic)",Relic Entertainment,Relic Entertainment,10634,572,0,1500000.0,0,0,0,0,989,1499,34,76
2322560,Love Is All Around,intiny,intiny,42490,2924,0,1500000.0,0,0,0,0,999,999,0,71
2344520,Diablo IV,"Blizzard Entertainment, Inc.","Blizzard Entertainment, Inc.",32969,17333,0,1500000.0,0,0,0,0,4999,4999,0,8835
6880,Just Cause,Avalanche Studios,Square Enix,3266,1674,0,1500000.0,0,0,0,0,699,699,0,8
10680,Aliens vs. Predator,Rebellion,SEGA,18175,1778,0,1500000.0,0,0,0,0,1499,1499,0,49
216150,MapleStory,NEXON Korea Corporation,Nexon America Inc.,8882,5305,0,1500000.0,0,0,0,0,0,0,0,8092
443110,Armored Warfare,"Obsidian Entertainment, Wishlist Games",Wishlist Games,3238,1713,0,1500000.0,0,0,0,0,0,0,0,121
378540,The Surge,Deck13,Focus Entertainment,8236,2715,0,1500000.0,0,0,0,0,1499,1499,0,92
527430,"Warhammer 40,000: Inquisitor - Martyr",NeocoreGames,NeocoreGames,16053,5097,0,1500000.0,0,0,0,0,4999,4999,0,208
753640,Outer Wilds,Mobius Digital,Annapurna Interactive,80833,3655,0,1500000.0,0,0,0,0,2499,2499,0,928
583950,Artifact,Valve,Valve,11614,13144,0,1500000.0,0,0,0,0,0,0,0,33
206480,Dungeons & Dragons Online,Standing Stone Games,Daybreak Game Company LLC,5140,2090,0,1500000.0,0,0,0,0,0,0,0,260
334210,Fortified,Siege Camp,Siege Camp,1275,435,0,1500000.0,0,0,0,0,1499,1499,0,1
921630,音灵 INVAXION,Nanjing AQUATRAX,bilibili,3303,2911,0,1500000.0,0,0,0,0,0,0,0,0
215080,WAKFU,Ankama Studio,Ankama Games,7744,2492,0,1500000.0,0,0,0,0,0,0,0,257
65790,Arma: Cold War Assault Remastered,"Bohemia Interactive, Josef Šimánek (retro)",Bohemia Interactive,4857,1236,0,1500000.0,0,0,0,0,999,999,0,10
332070,School of Dragons,"JumpStart Games, Inc.","JumpStart Games, Inc.",3435,2127,0,1500000.0,0,0,0,0,0,0,0,1
311340,METAL GEAR SOLID V: GROUND ZEROES,KONAMI,KONAMI,14283,2673,0,1500000.0,0,0,0,0,1999,1999,0,47
535930,Two Point Hospital,Two Point Studios,SEGA,30563,2711,0,1500000.0,0,0,0,0,2999,2999,0,518
414700,Outlast 2,Red Barrels,Red Barrels,50676,4824,0,1500000.0,0,0,0,0,1999,1999,0,119
270150,RUNNING WITH RIFLES,Osumia Games,Osumia Games,14195,1932,0,1500000.0,0,0,0,0,1499,1499,0,165
292910,Deponia: The Complete Journey,Daedalic Entertainment,Daedalic Entertainment,5613,931,0,1500000.0,0,0,0,0,2999,2999,0,31
447020,Farming Simulator 17,GIANTS Software,GIANTS Software,23379,1630,0,1500000.0,0,0,0,0,1499,1499,0,221
1282730,Loop Hero,Four Quarters,Devolver Digital,32214,2445,0,1500000.0,0,0,0,0,1499,1499,0,348
17300,Crysis,Crytek,Electronic Arts,10565,2649,0,1500000.0,0,0,0,0,2999,2999,0,10
102500,Kingdoms of Amalur: Reckoning,"Big Huge Games, 38 Studios","38 Studios, Electronic Arts",11366,1553,0,1500000.0,0,0,0,0,0,0,0,21
32800,Lord of the Rings: War in the North,Snowblind Studios,Warner Bros. Interactive Entertainment,7603,1749,0,1500000.0,0,0,0,0,0,0,0,16
8850,BioShock 2,"2K Marin, 2K China, Digital Extremes, 2K Australia",2K,12864,1555,0,1500000.0,0,0,0,0,1999,1999,0,23
899440,GOD EATER 3,BANDAI NAMCO Studios Inc.,BANDAI NAMCO Entertainment,7450,1921,0,1500000.0,0,0,0,0,5999,5999,0,249
418240,Shadow Tactics: Blades of the Shogun,Mimimi Games,Daedalic Entertainment,35767,1470,0,1500000.0,0,0,0,0,399,3999,90,218
207230,ArcheBlade,CodeBrush Games,Codebrush Games,5594,2053,0,1500000.0,0,0,0,0,0,0,0,3
20570,"Warhammer 40,000: Dawn of War II Chaos Rising","Relic Entertainment, Feral Interactive (Mac/Linux)","SEGA, Feral Interactive (Mac/Linux)",3047,304,0,1500000.0,0,0,0,0,0,0,0,30
17460,Mass Effect (2007),BioWare,Electronic Arts,15394,1040,0,1500000.0,0,0,0,0,2999,2999,0,22
383150,Dead Island Definitive Edition,Techland,Deep Silver,20934,4593,0,1500000.0,0,0,0,0,1999,1999,0,410
224760,FEZ,Polytron Corporation,Trapdoor,14425,1137,0,1500000.0,0,0,0,0,999,999,0,37
1178830,Bright Memory: Infinite,FYQD-Studio,"FYQD-Studio, PLAYISM",35622,3089,0,1500000.0,0,0,0,0,999,1999,50,44
2012510,Stormgate,Frost Giant Studios,Frost Giant Studios,3728,3755,0,1500000.0,0,0,0,0,0,0,0,36
510840,Evolvation,"Eric Ruts, Jacob Kooiman",HyperReuts,644,304,0,1500000.0,0,0,0,0,199,199,0,0
297000,Heroes of Might & Magic III - HD Edition,Dotemu,Ubisoft Entertainment,18085,4694,0,1500000.0,0,0,0,0,1499,1499,0,1213
1151640,Horizon Zero Dawn Complete Edition,Guerrilla,PlayStation Publishing LLC,110049,15148,0,1500000.0,0,0,0,0,4999,4999,0,700
334230,Town of Salem,BlankMediaGames,Digital Bandidos,32095,4314,0,1500000.0,0,0,0,0,499,499,0,117
418070,Turbo Pug,"Space Cat Studios, SnowFlame, Back To Basics Gaming",Back To Basics Gaming,3029,316,0,1500000.0,0,0,0,0,199,199,0,2
364470,The Elder Scrolls: Legends,"Sparkypants Studios, LLC",Bethesda Softworks,8267,2776,0,1500000.0,0,0,0,0,0,0,0,1
601430,The Evil Within 2,Tango Gameworks,Bethesda Softworks,26655,2251,0,1500000.0,0,0,0,0,799,3999,80,176
1190000,Car Mechanic Simulator 2021,Red Dot Games,PlayWay S.A.,28630,1211,0,1500000.0,0,0,0,0,2499,2499,0,1343
39140,FINAL FANTASY VII,Square Enix,Square Enix,25998,2013,0,1500000.0,0,0,0,0,1199,1199,0,386
4700,Total War: MEDIEVAL II – Definitive Edition,"CREATIVE ASSEMBLY, Feral Interactive (Mac), Feral Interactive (Linux)","SEGA, Feral Interactive (Mac), Feral Interactive (Linux)",31910,1434,0,1500000.0,0,0,0,0,2499,2499,0,2814
263500,Dragons and Titans,Wyrmbyte,Versus Evil,2715,726,0,1500000.0,0,0,0,0,0,0,0,1
675010,MudRunner,Saber Interactive,Focus Entertainment,34349,3347,0,1500000.0,0,0,0,0,1999,1999,0,280
220440,DmC: Devil May Cry,Ninja Theory,Capcom,27949,2035,0,1500000.0,0,0,0,0,2999,2999,0,107
240320,Panzar,Panzar Studio,OVALIS INVESTMENTS LIMITED,3397,1750,0,1500000.0,0,0,0,0,0,0,0,6
544730,Catan Universe,Client/Frontend: Endava  / Backend: SuperNimbus,USM,7826,8234,0,1500000.0,0,0,0,0,0,0,0,848
337320,Paint the Town Red,South East Games,South East Games,28358,1218,0,1500000.0,0,0,0,0,1999,1999,0,296
350640,Sherlock Holmes: The Devil's Daughter,Frogwares,Frogwares,10985,2803,0,1500000.0,0,0,0,0,2999,2999,0,21
2231450,Pizza Tower,Tour De Pizza,Tour De Pizza,65599,1094,0,1500000.0,0,0,0,0,1999,1999,0,367
552100,Brick Rigs,Fluppisoft GmbH,Fluppisoft GmbH,47391,2731,0,1500000.0,0,0,0,0,1999,1999,0,983
1475810,Ghostwire: Tokyo,Tango Gameworks,Bethesda Softworks,15393,3269,0,1500000.0,0,0,0,0,5999,5999,0,97
427270,Orcs Must Die! Unchained,Robot Entertainment,Robot Entertainment,4205,1915,0,1500000.0,0,0,0,0,0,0,0,2
392160,X4: Foundations,Egosoft,Egosoft,18951,4896,0,1500000.0,0,0,0,0,4999,4999,0,2141
346330,BrainBread 2,Reperio Studios,Reperio Studios,3785,1382,0,1500000.0,0,0,0,0,0,0,0,6
3910,Sid Meier's Civilization III Complete,Firaxis Games,2K,6485,746,0,1500000.0,0,0,0,0,499,499,0,1383
1380400,Saving Grace,Thomas JC Ironmonger,Ironmonger Games,27,2,0,1500000.0,0,0,0,0,199,199,0,0
805550,Assetto Corsa Competizione,Kunos Simulazioni,505 Games,36035,2908,0,1500000.0,0,0,0,0,3999,3999,0,1479
41000,Serious Sam HD: The First Encounter,Croteam,Devolver Digital,7652,539,0,1500000.0,0,0,0,0,1499,1499,0,46
1284190,The Planet Crafter,Miju Games,Miju Games,52168,2148,0,1500000.0,0,0,0,0,1199,2399,50,7330
2064650,Tower of Fantasy,Hotta Studio,Perfect World Games,7595,3375,0,1500000.0,0,0,0,0,0,0,0,354
56437,"Warhammer 40,000: Dawn of War II: Retribution","Relic Entertainment, Feral Interactive (Mac/Linux)","SEGA, Feral Interactive (Mac/Linux)",11303,1207,0,1500000.0,0,0,0,0,0,0,0,0
585420,Trailmakers,Flashbulb,Flashbulb,25941,2106,0,1500000.0,0,0,0,0,499,2499,80,903
1562430,DREDGE,Black Salt Games,Team17,42127,1839,0,1500000.0,0,0,0,0,1999,3999,50,517
1987080,Inside the Backrooms,MrFatcat,"MrFatcat, Dropsiick",36836,8196,0,1500000.0,0,0,0,0,699,699,0,237
666220,CS2D,Unreal Software,Unreal Software,8950,987,0,1500000.0,0,0,0,0,0,0,0,20
529340,Victoria 3,Paradox Development Studio,Paradox Interactive,35043,17575,0,1500000.0,0,0,0,0,4999,4999,0,4609
245620,Tropico 5,Haemimont Games,Kalypso Media Digital,11092,3031,0,1500000.0,0,0,0,0,1999,1999,0,97
657200,Hand Simulator,HFM Games,HFM Games,30653,5873,0,1500000.0,0,0,0,0,299,299,0,20
6850,Hitman 2: Silent Assassin,Io-Interactive A/S,Io-Interactive A/S,3478,724,0,1500000.0,0,0,0,0,899,899,0,19
209160,Call of Duty: Ghosts,Infinity Ward,Activision,19917,10996,0,1500000.0,0,0,0,0,3999,3999,0,106
1388770,Cruelty Squad,Consumer Softproducts,Consumer Softproducts,20136,655,0,1500000.0,0,0,0,0,1999,1999,0,50
603850,Age of History II,Łukasz Jakowski,Łukasz Jakowski Games,41684,4711,0,1500000.0,0,0,0,0,599,599,0,513
32430,STAR WARS - The Force Unleashed Ultimate Sith Edition,LucasArts,"LucasArts, Lucasfilm, Disney",8334,2681,0,1500000.0,0,0,0,0,1999,1999,0,197
253900,Knights and Merchants,Topware Interactive,Topware Interactive,3949,714,0,1500000.0,0,0,0,0,499,999,50,47
1113000,Persona 4 Golden,ATLUS,SEGA,76008,2338,0,1500000.0,0,0,0,0,1999,1999,0,962
1016920,Unrailed!,Indoor Astronaut,Daedalic Entertainment,17426,1243,0,1500000.0,0,0,0,0,1999,1999,0,182
955050,Bright Memory,FYQD-Studio,"FYQD-Studio, PLAYISM",29613,3115,0,1500000.0,0,0,0,0,319,799,60,5
1929610,Demonologist,Clock Wizard Games,Clock Wizard Games,18742,3006,0,1500000.0,0,0,0,0,1999,1999,0,266
2096610,Crysis 3 Remastered,"Crytek, Saber Interactive",Crytek,5108,685,0,1500000.0,0,0,0,0,2999,2999,0,59
1850570,DEATH STRANDING DIRECTOR'S CUT,KOJIMA PRODUCTIONS, 505 Games,36697,2819,0,1500000.0,0,0,0,0,3999,3999,0,1604
446800,Transport Fever,Urban Games,Good Shepherd Entertainment,8934,1788,0,1500000.0,0,0,0,0,2999,2999,0,91
209170,Call of Duty: Ghosts,Infinity Ward,Activision,15087,10789,0,1500000.0,0,0,0,0,3999,3999,0,32
250400,How to Survive,Eko Software,505 Games,14071,2954,0,1500000.0,0,0,0,0,1499,1499,0,10
1296830,暖雪 Warm Snow,BadMudStudio,bilibili,34444,2563,0,1500000.0,0,0,0,0,1259,1799,30,516
1211020,Wobbly Life,RubberBandGames,RubberBandGames,26141,799,0,1500000.0,0,0,0,0,2499,2499,0,625
410320,EARTH DEFENSE FORCE 4.1 The Shadow of New Despair,SANDLOT,D3PUBLISHER,9554,500,0,1500000.0,0,0,0,0,1999,1999,0,71
261110,Killer is Dead - Nightmare Edition,KADOKAWA GAMES / GRASSHOPPER MANUFACTURE,Deep Silver,6296,2105,0,1500000.0,0,0,0,0,1999,1999,0,9
208580,STAR WARS Knights of the Old Republic II - The Sith Lords,"Obsidian Entertainment, Aspyr (Mac, Linux, & Windows Update)","LucasArts, Lucasfilm, Aspyr (Mac, Linux)",22754,1556,0,1500000.0,0,0,0,0,999,999,0,551
775500,SCARLET NEXUS,BANDAI NAMCO Studios Inc.,BANDAI NAMCO Entertainment,13888,3237,0,1500000.0,0,0,0,0,1999,9999,80,58
447820,Day of Infamy,New World Interactive,New World Interactive,18172,3883,0,1500000.0,0,0,0,0,1499,1499,0,17
1599600,PlateUp!,It's happening,"Yogscast Games, Gamersky Games",22204,1197,0,1500000.0,0,0,0,0,499,1999,75,832
475550,Beholder,Alawar Stargaze (Warm Lamp Games),Alawar,25444,2303,0,1500000.0,0,0,0,0,139,1399,90,138
257510,The Talos Principle,Croteam,"Devolver Digital, Croteam",30399,1462,0,1500000.0,0,0,0,0,2999,2999,0,117
474960,Quantum Break,Remedy Entertainment,Xbox Game Studios,24117,4023,0,1500000.0,0,0,0,0,3999,3999,0,46
237110,Mortal Kombat Komplete Edition,"NetherRealm Studios, High Voltage Software",Warner Bros. Interactive Entertainment,16939,1574,0,1500000.0,0,0,0,0,0,0,0,37
444640,Bloons TD Battles,Ninja Kiwi,Ninja Kiwi,26414,2682,0,1500000.0,0,0,0,0,0,0,0,215
843380,Super Animal Royale,Pixile,Pixile,39667,2700,0,1500000.0,0,0,0,0,0,0,0,364
560130,Pillars of Eternity II: Deadfire,Obsidian Entertainment,"Versus Evil, Obsidian Entertainment, Xbox Game Studios",16666,2265,0,1500000.0,0,0,0,0,1999,1999,0,233
4760,Rome: Total War - Collection,CREATIVE ASSEMBLY,SEGA,15304,873,0,1500000.0,0,0,0,0,0,0,0,552
568220,Lobotomy Corporation | Monster Management Simulation,ProjectMoon,ProjectMoon,41213,2719,0,1500000.0,0,0,0,0,2499,2499,0,1524
257350,Baldur's Gate II: Enhanced Edition,Beamdog,Beamdog,9243,797,0,1500000.0,0,0,0,0,1999,1999,0,279
202750,Alan Wake's American Nightmare,Remedy Entertainment,Remedy Entertainment,6527,2433,0,1500000.0,0,0,0,0,899,899,0,21
34870,Sniper: Ghost Warrior 2,City Interactive,CI Games,13533,4383,0,1500000.0,0,0,0,0,999,999,0,25
1676130,Deadlink,Gruby Entertainment,SuperGG.com,3050,349,0,1500000.0,0,0,0,0,2499,2499,0,11
224540,Ace of Spades: Battle Builder,Jagex Limited,Jagex Limited,11922,6346,0,1500000.0,0,0,0,0,0,0,0,0
699130,World War Z,Saber Interactive Inc,Saber Interactive Inc,21657,4401,0,1500000.0,0,0,0,0,2999,2999,0,1663
816020,JUMP FORCE,"Spike Chunsoft Co., Ltd.",BANDAI NAMCO Entertainment,16682,6019,0,1500000.0,0,0,0,0,0,0,0,12
462780,Darksiders Warmastered Edition,"KAIKO, Vigil Games",THQ Nordic,13991,1943,0,1500000.0,0,0,0,0,1999,1999,0,87
681660,Bless Online,NEOWIZ BLESS STUDIO,NEOWIZ,3683,6185,0,1500000.0,0,0,0,0,0,0,0,0
34460,Civilization IV: Beyond the Sword,Firaxis Games,2K,1516,75,0,1500000.0,0,0,0,0,599,2999,80,5
448510,Overcooked,Ghost Town Games Ltd.,Team17 Digital Ltd,13706,1469,0,1500000.0,0,0,0,0,409,2049,80,61
1307550,Craftopia,Pocketpair,Pocketpair,15406,4977,0,1500000.0,0,0,0,0,2499,2499,0,119
1129580,Medieval Dynasty,Render Cube,Toplitz Productions,40992,4174,0,1500000.0,0,0,0,0,1749,3499,50,1366
460920,Steep,"Ubisoft Annecy, Ubisoft Montpellier, Ubisoft Kiev",Ubisoft,25437,5447,0,1500000.0,0,0,0,0,449,2999,85,128
55110,Red Faction: Armageddon,Volition,Deep Silver ,3537,1314,0,1500000.0,0,0,0,0,199,1999,90,6
278080,DYNASTY WARRIORS 8: Xtreme Legends Complete Edition,"KOEI TECMO GAMES CO., LTD.","KOEI TECMO GAMES CO., LTD.",11342,2155,0,1500000.0,0,0,0,0,4999,4999,0,242
996580,Spyro Reignited Trilogy,"Toys for Bob, Iron Galaxy Studios",Activision,19266,1240,0,1500000.0,0,0,0,0,3999,3999,0,351
231060,Ragnarok Online 2,"Gravity, Inc.",Gravity Interactive,1848,1336,0,1500000.0,0,0,0,0,0,0,0,5
108800,Crysis 2 - Maximum Edition,Crytek Studios,Electronic Arts,11621,2008,0,1500000.0,0,0,0,0,2999,2999,0,27
673950,Farm Together,Milkstone Studios,Milkstone Studios,20462,1266,0,1500000.0,0,0,0,0,1999,1999,0,311
1094520,Sands of Salzaar,汉家松鼠Han-Squirrel Studio,XD,18556,4085,0,1500000.0,0,0,0,0,1499,1499,0,90
747660,Five Nights at Freddy's: Security Breach,Steel Wool Studios,ScottGames,56080,8779,0,1500000.0,0,0,0,0,3999,3999,0,196
6910,Deus Ex: Game of the Year Edition,Ion Storm,Eidos Interactive Corp.,13801,751,0,1500000.0,0,0,0,0,699,699,0,48
239350,Spelunky,Mossmouth,Mossmouth,15005,1288,0,1500000.0,0,0,0,0,1499,1499,0,60
215280,Secret World Legends,Funcom,Funcom,6104,2956,0,1500000.0,0,0,0,0,0,0,0,34
360430,Mafia III: Definitive Edition,"Hangar 13, Aspyr (Mac)","2K, Aspyr (Mac)",32366,24142,0,1500000.0,0,0,0,0,2999,2999,0,869
673130,AMID EVIL,Indefatigable,New Blood Interactive,6709,448,0,1500000.0,0,0,0,0,1999,1999,0,9
377300,Thunder Tier One,"KRAFTON, Inc.","KRAFTON, Inc.",3162,1573,0,1500000.0,0,0,0,0,0,0,0,102
2552430,KINGDOM HEARTS -HD 1.5+2.5 ReMIX-,Square Enix,Square Enix,6361,1241,0,1500000.0,0,0,0,0,4999,4999,0,886
323850,Move or Die,"Xelu, Those Awesome Guys",Those Awesome Guys,20818,2415,0,1500000.0,0,0,0,0,374,1499,75,21
1030840,Mafia: Definitive Edition,Hangar 13,2K,79686,12107,0,1500000.0,0,0,0,0,3999,3999,0,686
823500,BONEWORKS,Stress Level Zero,Stress Level Zero,32917,2762,0,1500000.0,0,0,0,0,2999,2999,0,38
841370,NBA 2K19,Visual Concepts,2K,8866,13826,0,1500000.0,0,0,0,0,0,0,0,129
204340,Serious Sam II,Croteam,Devolver Digital,11356,1312,0,1500000.0,0,0,0,0,999,999,0,61
794260,Outward Definitive Edition,Nine Dots Studio,"Prime Matter, Deep Silver",20738,7717,0,1500000.0,0,0,0,0,479,3999,88,469
2680010,The First Berserker: Khazan,Neople,NEXON,15733,1816,0,1500000.0,0,0,0,0,5999,5999,0,1253
299460,Woodle Tree Adventures,Fabio Ferrara,Chubby Pixel,3717,1800,0,1500000.0,0,0,0,0,75,399,81,3
1755910,Capcom Arcade 2nd Stadium,"CAPCOM Co., Ltd.","CAPCOM Co., Ltd.",665,312,0,1500000.0,0,0,0,0,5999,5999,0,42
1266680,Strobophagia | Rave Horror,Green Tile Digital,"Green Tile Digital, THQ Nordic",75,16,0,1500000.0,0,0,0,0,1999,1999,0,0
265550,Dead Rising 3 Apocalypse Edition,Capcom Game Studio Vancouver,Capcom,14615,4459,0,1500000.0,0,0,0,0,2999,2999,0,136
246900,Viscera Cleanup Detail,RuneStorm,RuneStorm,20651,1639,0,1500000.0,0,0,0,0,1299,1299,0,140
253960,Jack Orlando: Director's Cut,Toontraxx Studios,Topware Interactive,445,202,0,1500000.0,0,0,0,0,349,699,50,33
450390,The Lab,Valve,Valve,6066,323,0,1500000.0,0,0,0,0,0,0,0,18
920210,LEGO Star Wars: The Skywalker Saga,TT Games,"Warner Bros. Games, Warner Bros. Interactive Entertainment",40865,4173,0,1500000.0,0,0,0,0,999,4999,80,719
17480,Command & Conquer: Red Alert 3,EA Los Angeles,Electronic Arts,12792,2220,0,1500000.0,0,0,0,0,1988,1988,0,362
249130,LEGO Marvel Super Heroes,Traveller's Tales,Warner Bros. Interactive Entertainment,24959,1218,0,1500000.0,0,0,0,0,399,1999,80,298
1017180,The Long Drive,Genesz,Genesz,42761,4666,0,1500000.0,0,0,0,0,1599,1599,0,377
26800,Braid,Number None,Number None,9121,640,0,1500000.0,0,0,0,0,1499,1499,0,5
640590,The LEGO NINJAGO Movie Video Game,"Traveller's Tales, TT Games",Warner Bros. Interactive Entertainment,6151,1028,0,1500000.0,0,0,0,0,299,1999,85,28
1515210,The Past Within,Rusty Lake,Rusty Lake,14362,794,0,1500000.0,0,0,0,0,599,599,0,51
1147550,Not For Broadcast,NotGames,tinyBuild,10897,687,0,1500000.0,0,0,0,0,2499,2499,0,33
434650,Lost Castle / 失落城堡,Hunter Studio,Neon Doctrine,20442,3082,0,1500000.0,0,0,0,0,999,999,0,114
1774580,STAR WARS Jedi: Survivor,Respawn,Electronic Arts,46131,20923,0,1500000.0,0,0,0,0,6999,6999,0,2353
431730,Aseprite,Igara Studio,Igara Studio,21620,198,0,1500000.0,0,0,0,0,1999,1999,0,4541
780310,The Riftbreaker,EXOR Studios,"EXOR Studios, Surefire.Games",16245,1760,0,1500000.0,0,0,0,0,2999,2999,0,231
261030,The Walking Dead: Season Two,Telltale Games,Skybound Games,30526,1113,0,1500000.0,0,0,0,0,1499,1499,0,199
1328670,Mass Effect Legendary Edition,BioWare,Electronic Arts,51295,5033,0,1500000.0,0,0,0,0,899,5999,85,2420
226840,Age of Wonders III,Triumph Studios,Paradox Interactive,10093,2485,0,1500000.0,0,0,0,0,2999,2999,0,163
374040,Portal Knights,Keen Games GmbH,505 Games,18093,3593,0,1500000.0,0,0,0,0,1999,1999,0,76
668580,Atomic Heart,Mundfish,"Focus Entertainment, 4Divinity",31167,6828,0,1500000.0,0,0,0,0,5999,5999,0,466
1044720,Farthest Frontier,Crate Entertainment,Crate Entertainment,16780,2724,0,1500000.0,0,0,0,0,2099,3499,40,995
544750,SOULCALIBUR VI,"BANDAI NAMCO Studios Inc., Dimps Corporation",BANDAI NAMCO Entertainment,11147,2394,0,1500000.0,0,0,0,0,1439,8999,84,119
972660,Spiritfarer: Farewell Edition,Thunder Lotus,Thunder Lotus,44192,2225,0,1500000.0,0,0,0,0,2999,2999,0,702
1150690,OMORI,"OMOCAT, LLC","OMOCAT, LLC",78023,2214,0,1500000.0,0,0,0,0,1999,1999,0,506
9450,"Warhammer 40,000: Dawn of War - Soulstorm",Relic Entertainment,SEGA,16764,847,0,1500000.0,0,0,0,0,0,0,0,673
490220,Prismata,Lunarch Studios,Lunarch Studios,970,217,0,1500000.0,0,0,0,0,0,0,0,6
1301720,Escape Room - Der kranke Kollege,Bitbeast Games,Bitbeast Games,9872,2233,0,1500000.0,0,0,0,0,0,0,0,63
921060,Modern Combat 5,Gameloft,Gameloft,3130,2595,0,1500000.0,0,0,0,0,0,0,0,1
70000,Dino D-Day,800 North and Digital Ranch,800 North and Digital Ranch,12659,2391,0,1500000.0,0,0,0,0,999,999,0,3
274520,Darkwood,Acid Wizard Studio,"Hooded Horse, Acid Wizard Studio",20529,1089,0,1500000.0,0,0,0,0,1999,1999,0,86
239200,Amnesia: A Machine for Pigs,The Chinese Room,Frictional Games,7886,3457,0,1500000.0,0,0,0,0,1999,1999,0,10
257420,Serious Sam 4,Croteam,Devolver Digital,13456,2672,0,1500000.0,0,0,0,0,3999,3999,0,145
1335200,Action Taimanin,LiLith,Infini-Brain inc.,15495,3149,0,1500000.0,0,0,0,0,0,0,0,993
1888930,The Last of Us Part I,"Naughty Dog LLC, Iron Galaxy Studios",PlayStation Publishing LLC,63713,16142,0,1500000.0,0,0,0,0,5999,5999,0,4144
34450,Civilization IV: Warlords,Firaxis Games,2K,131,23,0,1500000.0,0,0,0,0,499,499,0,0
654880,Dream Daddy: A Dad Dating Simulator,Game Grumps,Game Grumps,5578,509,0,1500000.0,0,0,0,0,1499,1499,0,21
625960,Stoneshard,Ink Stains Games,HypeTrain Digital,22298,7764,0,1500000.0,0,0,0,0,1624,2499,35,744
1509960,PICO PARK,TECOPARK,TECOPARK,25879,2620,0,1500000.0,0,0,0,0,499,499,0,124
1544020,The Callisto Protocol,Striking Distance Studios,"KRAFTON, Inc.",25601,13829,0,1500000.0,0,0,0,0,5999,5999,0,46
2206460,Furry Killer,Sujiko,GigantGame-A,17,4,0,1500000.0,0,0,0,0,749,2999,75,2
1447430,小黑盒加速器,Qing Feng Beijing Technology,Qing Feng Beijing Technology,7088,1800,0,1500000.0,0,0,0,0,0,0,0,3328
7760,X-COM: UFO Defense,"MicroProse Software, Inc",2K,3602,197,0,1500000.0,0,0,0,0,499,499,0,49
515690,Warriors of Vilvatikta,RPG Video,Back To Basics Gaming,92,80,0,1500000.0,0,0,0,0,199,199,0,0
104900,ORION: Prelude,DANKIE,DANKIE,21458,7027,0,1500000.0,0,0,0,0,99,99,0,3
339280,Strife,S2 Games,S2 Games,3730,1142,0,1500000.0,0,0,0,0,0,0,0,5
262280,Dungeons 2,Realmforge Studios,Kalypso Media Digital,4235,939,0,1500000.0,0,0,0,0,1999,1999,0,13
1201240,BLEACH Brave Souls,KLab Inc.,KLab Inc.,10533,1351,0,1500000.0,0,0,0,0,0,0,0,1349
1686940,Bopl Battle,Johan Grönvall,Zapray Games,18609,516,0,1500000.0,0,0,0,0,999,999,0,480
859570,Secret Neighbor: Hello Neighbor Multiplayer,"Hologryph, Eerie Guest Studios",tinyBuild,15991,2508,0,1500000.0,0,0,0,0,1999,1999,0,91
1846380,Need for Speed Unbound,Criterion Games,Electronic Arts,29906,19702,0,1500000.0,0,0,0,0,489,6999,93,618
313120,Stranded Deep,Beam Team Games,Beam Team Publishing,34118,11710,0,1500000.0,0,0,0,0,1999,1999,0,256
1435790,Escape Simulator,Pine Studio,Pine Studio,16281,1027,0,1500000.0,0,0,0,0,999,1999,50,674
1062090,Timberborn,Mechanistry,Mechanistry,30266,1412,0,1500000.0,0,0,0,0,2449,3499,30,3884
21100,F.E.A.R. 3,Day 1 Studios,Warner Bros. Interactive Entertainment,9070,3688,0,1500000.0,0,0,0,0,1999,1999,0,36
1259970,eFootball PES 2021 SEASON UPDATE,Konami Digital Entertainment,Konami Digital Entertainment,29393,8549,0,1500000.0,0,0,0,0,0,0,0,989
2096600,Crysis 2 Remastered,"Crytek, Saber Interactive",Crytek,6022,731,0,1500000.0,0,0,0,0,2999,2999,0,79
400040,ShareX,ShareX Team,ShareX Team,7196,328,0,1500000.0,0,0,0,0,0,0,0,2777
512900,Streets of Rogue,Matt Dabrowski,tinyBuild,21076,857,0,1500000.0,0,0,0,0,1999,1999,0,317
383080,Sakura Clicker,Winged Cloud,Winged Cloud,12127,2429,0,1500000.0,0,0,0,0,0,0,0,58
573090,Stormworks: Build and Rescue,Geometa,Geometa,47662,5280,0,1500000.0,0,0,0,0,2499,2499,0,1488
20510,S.T.A.L.K.E.R.: Clear Sky,GSC Game World,GSC World Publishing,18987,3267,0,1500000.0,0,0,0,0,1999,1999,0,107
1268750,Starship Troopers: Extermination,Offworld,Offworld,25027,5995,0,1500000.0,0,0,0,0,2999,2999,0,283
774861,Project Winter,Other Ocean Interactive,Other Ocean Group,15638,3261,0,1500000.0,0,0,0,0,999,999,0,16
1169040,Necesse,Fair Games ApS,Fair Games ApS,15988,1083,0,1500000.0,0,0,0,0,749,1499,50,507
1501750,Lords of the Fallen,CI Games,CI Games,27969,14164,0,1500000.0,0,0,0,0,2999,2999,0,827
969990,SpongeBob SquarePants: Battle for Bikini Bottom - Rehydrated,Purple Lamp,THQ Nordic,15692,989,0,1500000.0,0,0,0,0,2999,2999,0,52
516750,My Summer Car,Amistech Games,Amistech Games,86445,4949,0,1500000.0,0,0,0,0,1499,1499,0,1044
210970,The Witness,"Thekla, Inc.","Thekla, Inc.",16069,2868,0,1500000.0,0,0,0,0,3999,3999,0,103
361280,Turmoil,Gamious,Gamious,13816,1037,0,1500000.0,0,0,0,0,454,1299,65,767
457330,High Octane Drift,Cruderocks,Cruderocks,3265,2684,0,1500000.0,0,0,0,0,0,0,0,4
715210,The Pillage,Bishop Armstrong,Bishop Armstrong,49,7,0,1500000.0,0,0,0,0,299,299,0,0
311240,Zero Escape: Zero Time Dilemma,"Spike Chunsoft Co., Ltd.","Spike Chunsoft Co., Ltd.",3598,749,0,1500000.0,0,0,0,0,1999,1999,0,21
4580,"Warhammer 40,000: Dawn of War - Dark Crusade",Relic Entertainment,SEGA,8658,318,0,1500000.0,0,0,0,0,0,0,0,236
584400,Sonic Mania,"Christian Whitehead, Headcannon, PagodaWest Games",SEGA,24500,1631,0,1500000.0,0,0,0,0,1999,1999,0,78
860510,Little Nightmares II,Tarsier Studios,BANDAI NAMCO Entertainment,40494,2548,0,1500000.0,0,0,0,0,2999,2999,0,229
2400,The Ship: Murder Party,Outerlight Ltd.,Blazing Griffin,5108,842,0,1500000.0,0,0,0,0,999,999,0,3
423230,Furi,The Game Bakers,The Game Bakers,11103,1101,0,1500000.0,0,0,0,0,599,1999,70,15
682990,Drug Dealer Simulator,Byterunners,Movie Games S.A.,18054,6004,0,1500000.0,0,0,0,0,1999,1999,0,89
356670,Spooky's Jump Scare Mansion,Lag Studios,Lag Studios,13926,1072,0,1500000.0,0,0,0,0,0,0,0,8
13230,Unreal Tournament 2004: Editor's Choice Edition,"Epic Games, Inc.","Epic Games, Inc.",3934,142,0,1500000.0,0,0,0,0,0,0,0,39
977400,Cell to Singularity - Evolution Never Ends,Computer Lunch,Computer Lunch,21284,2406,0,1500000.0,0,0,0,0,0,0,0,3036
295110,Just Survive,Daybreak Game Company,Daybreak Game Company,45716,31640,0,1500000.0,0,0,0,0,0,0,0,1
31280,Poker Night at the Inventory,Telltale Games,Soldak Entertainment,8477,969,0,1500000.0,0,0,0,0,0,0,0,13
1940340,Darkest Dungeon II,Red Hook Studios,Red Hook Studios,16355,5184,0,1500000.0,0,0,0,0,3999,3999,0,1054
1262540,Need for Speed,Ghost Games,Electronic Arts,16504,7099,0,1500000.0,0,0,0,0,2999,2999,0,125
38410,Fallout 2: A Post Nuclear Role Playing Game,Black Isle Studios,Bethesda Softworks,14550,884,0,1500000.0,0,0,0,0,999,999,0,129
12810,Overlord II,Triumph Studios,"Codemasters, Electronic Arts",4139,505,0,1500000.0,0,0,0,0,999,999,0,19
418530,Spelunky 2,"Mossmouth, BlitWorks",Mossmouth,19062,1423,0,1500000.0,0,0,0,0,1999,1999,0,313
9420,Supreme Commander: Forged Alliance,Gas Powered Games,Square Enix,13042,426,0,1500000.0,0,0,0,0,1299,1299,0,691
3830,Psychonauts,Double Fine Productions,"Double Fine Productions, Xbox Game Studios",17040,885,0,1500000.0,0,0,0,0,99,999,90,56
212740,TERA - Action MMORPG,"Bluehole, Inc.",Gameforge 4D GmbH,6071,1678,0,1500000.0,0,0,0,0,0,0,0,1
992300,嗜血印 Bloody Spell,艺龙游戏,艺龙游戏,31311,3806,0,1500000.0,0,0,0,0,2499,2499,0,62
217200,Worms Armageddon,Team17 Digital Ltd,Team17 Digital Ltd,9524,583,0,1500000.0,0,0,0,0,1499,1499,0,136
16900,GROUND BRANCH,"BlackFoot Studios, MicroProse Software",MicroProse Software,19351,2325,0,1500000.0,0,0,0,0,2999,2999,0,349
304650,SUNLESS SEA,Failbetter Games,Failbetter Games,7715,1573,0,1500000.0,0,0,0,0,1899,1899,0,45
233270,Far Cry 3 - Blood Dragon,Ubisoft Montreal,Ubisoft,15566,2168,0,1500000.0,0,0,0,0,374,1499,75,20
13210,Unreal Tournament 3 Black,"Epic Games, Inc.","Epic Games, Inc.",3566,489,0,1500000.0,0,0,0,0,0,0,0,19
448470,Bacteria,Sometimes You,Sometimes You,232,175,0,1500000.0,0,0,0,0,99,99,0,0
20,Team Fortress Classic,Valve,Valve,7602,1136,0,1500000.0,0,0,0,0,499,499,0,66
9200,RAGE,id Software,Bethesda Softworks,13646,3915,0,1500000.0,0,0,0,0,399,999,60,34
3117820,Sultan's Game,Double Cross,2P Games,20637,1233,0,1500000.0,0,0,0,0,2499,2499,0,7726
383980,Rivals of Aether,Aether Studios,Aether Studios,34357,1469,0,1500000.0,0,0,0,0,2999,2999,0,285
288470,Fable Anniversary,Lionhead Studios,Xbox Game Studios,12507,2088,0,1500000.0,0,0,0,0,3499,3499,0,115
368370,Her Story,Sam Barlow,Sam Barlow,8718,1014,0,1500000.0,0,0,0,0,599,999,40,11
226700,Infestation: Survivor Stories 2020,Fredaikis AB,OP Productions LLC,10644,14774,0,1500000.0,0,0,0,0,0,0,0,30
394310,Punch Club,Lazy Bear Games,tinyBuild,11986,2883,0,1500000.0,0,0,0,0,999,999,0,55
505460,Foxhole,Siege Camp,Siege Camp,36855,7213,0,1500000.0,0,0,0,0,2999,2999,0,2821
250320,The Wolf Among Us,Telltale,Telltale,34914,764,0,1500000.0,0,0,0,0,1499,1499,0,116
481510,Night in the Woods,Infinite Fall,Finji,17649,1092,0,1500000.0,0,0,0,0,1999,1999,0,53
302670,Call to Arms,Digitalmindsoft,Digitalmindsoft,18474,4759,0,1500000.0,0,0,0,0,374,1499,75,117
311560,Assassin’s Creed Rogue,"Ubisoft Sofia, Ubisoft Kiev",Ubisoft,15451,2611,0,1500000.0,0,0,0,0,1999,1999,0,155
736190,Chinese Parents,墨鱼玩游戏,墨鱼玩游戏,23459,2192,0,1500000.0,0,0,0,0,999,999,0,287
243970,"Invisible, Inc.",Klei Entertainment,Klei Entertainment,5126,481,0,1500000.0,0,0,0,0,1999,1999,0,19
230290,Universe Sandbox,Giant Army,Giant Army,26456,992,0,1500000.0,0,0,0,0,2999,2999,0,357
2338770,NBA 2K24,Visual Concepts,2K,13567,29895,0,1500000.0,0,0,0,0,5999,5999,0,2932
614570,Dishonored: Death of the Outsider,Arkane Studios,Bethesda Softworks,10794,1509,0,1500000.0,0,0,0,0,599,2999,80,45
655500,MX Bikes,PiBoSo,PiBoSo,26514,1602,0,1500000.0,0,0,0,0,3499,3499,0,3605
496300,Kingdom: New Lands,Noio,Raw Fury,10095,1646,0,1500000.0,0,0,0,0,1499,1499,0,63
57900,Duke Nukem Forever,Gearbox Software,2K,7586,3406,0,1500000.0,0,0,0,0,499,1999,75,24
333420,Cossacks 3,GSC Game World,GSC Game World,12060,2690,0,1500000.0,0,0,0,0,1999,1999,0,446
2456740,inZOI,inZOI Studio,"KRAFTON, Inc.",16548,4311,0,1500000.0,0,0,0,0,3999,3999,0,1039
1291340,Townscaper,Oskar Stålberg,Raw Fury,20101,927,0,1500000.0,0,0,0,0,599,599,0,33
21110,F.E.A.R.,"Monolith Productions, Inc., Timegate","Warner Bros. Games, Warner Bros. Interactive Entertainment",0,0,0,1500000.0,0,0,0,0,999,999,0,13
21120,F.E.A.R.,"Monolith Productions, Inc., Timegate","Warner Bros. Games, Warner Bros. Interactive Entertainment",0,0,0,1500000.0,0,0,0,0,999,999,0,10
242700,Injustice: Gods Among Us Ultimate Edition,"NetherRealm Studios, High Voltage Software",Warner Bros. Interactive Entertainment,16534,2651,0,1500000.0,0,0,0,0,299,1999,85,69
450540,"Hot Dogs, Horseshoes & Hand Grenades",RUST LTD.,RUST LTD.,21452,652,0,1500000.0,0,0,0,0,1999,1999,0,218
249050,Dungeon of the ENDLESS,AMPLITUDE Studios,AMPLITUDE Studios,11749,1985,0,1500000.0,0,0,0,0,1199,1199,0,61
258970,Gauntlet Slayer Edition,Arrowhead Game Studios,WB Games,8079,1808,0,1500000.0,0,0,0,0,1999,1999,0,37
429660,Tales of Berseria,BANDAI NAMCO Studios Inc.,BANDAI NAMCO Entertainment,16835,1573,0,1500000.0,0,0,0,0,4999,4999,0,74
201870,Assassin's Creed Revelations,Ubisoft Montreal,Ubisoft,15282,2765,0,1500000.0,0,0,0,0,1999,1999,0,104
1809540,Nine Sols,RedCandleGames,RedCandleGames,27488,1408,0,1500000.0,0,0,0,0,1499,2999,50,625
304030,ArcheAge,XLGAMES,Kakao Games Europe B.V.,3833,3545,0,1500000.0,0,0,0,0,0,0,0,2
617830,SUPERHOT VR,SUPERHOT Team,SUPERHOT Team,7652,2597,0,1500000.0,0,0,0,0,2499,2499,0,30
1462040,FINAL FANTASY VII REMAKE INTERGRADE,Square Enix,Square Enix,33079,4228,0,1500000.0,0,0,0,0,3999,3999,0,761
729040,Borderlands Game of the Year Enhanced,"Gearbox Software, Blind Squirrel Games",2K,20262,4221,0,1500000.0,0,0,0,0,2999,2999,0,620
1672970,Minecraft Dungeons,"Mojang Studios, ‪Double Eleven",Xbox Game Studios,12725,1227,0,1500000.0,0,0,0,0,1999,1999,0,260
747610,Zula Global,Madbyte Games,Madbyte Games,5310,2285,0,1500000.0,0,0,0,0,0,0,0,170
1022450,War Selection,Glyph Worlds,Glyph Worlds,18745,3109,0,1500000.0,0,0,0,0,0,0,0,507
400250,Heaven Island - VR MMO,"Fabio Ferrara, Giulia Airoldi",Chubby Pixel,1487,883,0,1500000.0,0,0,0,0,65,199,67,2
1041720,Kingdoms of Amalur: Re-Reckoning,"KAIKO, Big Huge Games, 38 Studios",THQ Nordic,5468,1670,0,1500000.0,0,0,0,0,3999,3999,0,114
1527950,Wartales,Shiro Games,Shiro Games,26326,3010,0,1500000.0,0,0,0,0,3499,3499,0,1632
950670,Gothic Playable Teaser,THQ Nordic Barcelona,THQ Nordic,10607,4457,0,1500000.0,0,0,0,0,0,0,0,5
326460,ShellShock Live,kChamp Games,kChamp Games,32540,2353,0,1500000.0,0,0,0,0,999,999,0,297
40700,Machinarium,Amanita Design,Amanita Design,16384,860,0,1500000.0,0,0,0,0,1999,1999,0,125
223850,3DMark,UL Solutions,UL Solutions,17160,1192,0,1500000.0,0,0,0,0,2999,2999,0,699
2108330,F1 23,Codemasters,Electronic Arts,15059,2456,0,1500000.0,0,0,0,0,0,0,0,515
1451940,NEEDY STREAMER OVERLOAD,"WSS playground, xemono","WSS playground, Alliance Arts",44718,2487,0,1500000.0,0,0,0,0,1599,1599,0,170
1930,Two Worlds Epic Edition,Reality Pump Studios,Topware Interactive,4283,1311,0,1500000.0,0,0,0,0,1499,1499,0,17
290340,Armello,League of Geeks,League of Geeks,12911,2848,0,1500000.0,0,0,0,0,2499,2499,0,61
997010,Police Simulator: Patrol Officers,Aesir Interactive,astragon Entertainment,15108,4313,0,1500000.0,0,0,0,0,1999,3999,50,318
1029550,Torque Drift,Grease Monkey Games,Grease Monkey Games,9259,2867,0,1500000.0,0,0,0,0,0,0,0,91
668630,Tricolour Lovestory,HL-Galgame,HL-Galgame,22818,5038,0,1500000.0,0,0,0,0,199,199,0,22
553640,ICEY,FantaBlade Network,XD,24297,2629,0,1500000.0,0,0,0,0,1099,1099,0,26
21090,F.E.A.R.,"Monolith Productions, Inc., Timegate","Warner Bros. Games, Warner Bros. Interactive Entertainment",15867,1069,0,1500000.0,0,0,0,0,999,999,0,87
437220,The Culling,Xaviant,Xaviant Games,9960,7437,0,1500000.0,0,0,0,0,0,0,0,0
2252570,Football Manager 2024,Sports Interactive,SEGA,20927,2121,0,1500000.0,0,0,0,0,5999,5999,0,47931
578310,BRAIN / OUT,Desertkun,Desertkun,12592,2769,0,1500000.0,0,0,0,0,0,0,0,9
234630,Project CARS,Slightly Mad Studios,"Codemasters, Slightly Mad Studios, Electronic Arts",11422,2986,0,1500000.0,0,0,0,0,0,0,0,45
794600,LET IT DIE,"GRASSHOPPER MANUFACTURE INC., SUPERTRICK GAMES, Inc.","GungHo Online Entertainment America, Inc.",4404,1487,0,1500000.0,0,0,0,0,0,0,0,117
339340,Resident Evil 0,"CAPCOM Co., Ltd.","CAPCOM Co., Ltd.",11048,2522,0,1500000.0,0,0,0,0,499,1999,75,83
3900,Sid Meier's Civilization IV,Firaxis Games,2K,3134,241,0,1500000.0,0,0,0,0,599,2999,80,620
489940,BATTALION 1944,BULKHEAD,BULKHEAD,9796,6659,0,1500000.0,0,0,0,0,0,0,0,4
1012880,60 Seconds! Reatomized,Robot Gentleman,Robot Gentleman,15967,957,0,1500000.0,0,0,0,0,499,999,50,251
2390840,Zombie Defense: The Last Frontier,LilMemes Production, LilMemes Production,26,13,0,1500000.0,0,0,0,0,99,99,0,0
378860,Project CARS 2,Slightly Mad Studios,BANDAI NAMCO Entertainment,14903,3471,0,1500000.0,0,0,0,0,0,0,0,130
745740,Reflex,Easy game,Game for people,670,115,0,1500000.0,0,0,0,0,99,99,0,2
382490,Relic Hunters Zero: Remix,Rogue Snail,Akupara Games,6309,459,0,1500000.0,0,0,0,0,0,0,0,4
731490,Crash Bandicoot N. Sane Trilogy,"Vicarious Visions, Iron Galaxy Studios",Activision,16702,1332,0,1500000.0,0,0,0,0,3999,3999,0,311
517630,Just Cause 4 Reloaded,Avalanche Studios,Square Enix,18698,11600,0,1500000.0,0,0,0,0,6903,6903,0,232
282800,100% Orange Juice,"Orange_Juice, Fruitbat Factory",Fruitbat Factory,25886,2350,0,1500000.0,0,0,0,0,699,699,0,158
42960,Victoria II,Paradox Development Studio,Paradox Interactive,17950,1527,0,1500000.0,0,0,0,0,1999,1999,0,490
32440,LEGO Star Wars - The Complete Saga,Traveller's Tales,"LucasArts, Lucasfilm, Disney",23000,787,0,1500000.0,0,0,0,0,1999,1999,0,334
115320,Prototype 2,Radical Entertainment,Activision,11376,3605,0,1500000.0,0,0,0,0,3999,3999,0,144
383120,Empyrion - Galactic Survival,Eleon Game Studios,Eleon Game Studios,26195,7052,0,1500000.0,0,0,0,0,1999,1999,0,990
557340,My Friend Pedro,DeadToast Entertainment,Devolver Digital,26344,1183,0,1500000.0,0,0,0,0,399,1999,80,22
39000,Moonbase Alpha,"Virtual Heroes, Army Game Studio",NASA,11622,1216,0,1500000.0,0,0,0,0,0,0,0,3
690640,Trine 4: The Nightmare Prince,Frozenbyte,Frozenbyte,11924,1455,0,1500000.0,0,0,0,0,2999,2999,0,76
214510,LEGO The Lord of the Rings,Traveller's Tales,Warner Bros. Interactive Entertainment,12822,1390,0,1500000.0,0,0,0,0,399,1999,80,154
577800,NBA 2K18,Visual Concepts,2K,5473,13319,0,1500000.0,0,0,0,0,0,0,0,58
1252330,DEATHLOOP,Arkane Studios,Bethesda Softworks,22306,6899,0,1500000.0,0,0,0,0,5999,5999,0,73
235340,Prime World,Nival,Nival,2214,1571,0,1500000.0,0,0,0,0,0,0,0,2
362960,Tyranny,Obsidian Entertainment,Paradox Interactive,11080,1658,0,1500000.0,0,0,0,0,2999,2999,0,47
107310,Cthulhu Saves the World,Zeboyd Digital Entertainment LLC,Zeboyd Digital Entertainment LLC,3148,281,0,1500000.0,0,0,0,0,299,299,0,2
250820,SteamVR,Valve,Digital Leisure Inc.,61933,8707,0,1500000.0,0,0,0,0,0,0,0,0
1161580,Hardspace: Shipbreaker,Blackbird Interactive,Blackbird Interactive,18276,2146,0,1500000.0,0,0,0,0,1049,3499,70,270
2320,Quake II,"id Software, Nightdive Studios, MachineGames",Bethesda Softworks,8821,407,0,1500000.0,0,0,0,0,999,999,0,80
1088150,Scribble It!,Detach Entertainment,Detach Entertainment,6711,1080,0,1500000.0,0,0,0,0,0,0,0,76
236690,Blood Bowl 2: Legendary Edition (Classic),Cyanide Studios,Slitherine Ltd.,6997,1893,0,1500000.0,0,0,0,0,2999,2999,0,84
1096530,Solasta: Crown of the Magister,Tactical Adventures,Tactical Adventures,17785,2608,0,1500000.0,0,0,0,0,749,2999,75,396
213610,Sonic Adventure 2,SEGA,SEGA,22711,2761,0,1500000.0,0,0,0,0,999,999,0,234
790710,World of Warplanes,Wargaming Group Limited,Wargaming Group Limited,3646,1460,0,1500000.0,0,0,0,0,0,0,0,64
541570,Sally Face - Episode One,Portable Moose,Portable Moose,21939,622,0,1500000.0,0,0,0,0,299,299,0,100
1455840,Dorfromantik,Toukana Interactive,Toukana Interactive,26639,958,0,1500000.0,0,0,0,0,1399,1399,0,365
710920,Darksiders Genesis,Airship Syndicate,THQ Nordic,10185,2188,0,1500000.0,0,0,0,0,2999,2999,0,29
670290,Real Pool 3D - Poolians,Poolians.com,Poolians.com,13042,3918,0,1500000.0,0,0,0,0,0,0,0,911
1124300,HUMANKIND,AMPLITUDE Studios,AMPLITUDE Studios,18573,8672,0,1500000.0,0,0,0,0,4999,4999,0,411
269950,X-Plane 11,Laminar Research,Laminar Research,17554,1363,0,1500000.0,0,0,0,0,2999,2999,0,381
300380,Road Redemption,"Redemption Road, Pixel Dash Studios",Tripwire Presents,10485,2262,0,1500000.0,0,0,0,0,1999,1999,0,21
329050,Devil May Cry 4 Special Edition,"CAPCOM Co., Ltd.","CAPCOM Co., Ltd. ",16223,2172,0,1500000.0,0,0,0,0,2499,2499,0,220
1253920,Rogue Legacy 2,Cellar Door Games,Cellar Door Games,13143,1326,0,1500000.0,0,0,0,0,2499,2499,0,167
332950,Dark Deception,Glowstick Entertainment,Glowstick Entertainment,18879,2352,0,1500000.0,0,0,0,0,0,0,0,162
232010,Euro Truck Simulator,SCS Software,SCS Software,6093,1198,0,1500000.0,0,0,0,0,499,499,0,3
1184140,KartRider: Drift,NEXON Korea Corporation,Nexon America Inc.,3910,1460,0,1500000.0,0,0,0,0,0,0,0,3
339600,VEGA Conflict,KIXEYE,KIXEYE,2865,2020,0,1500000.0,0,0,0,0,0,0,0,290
410900,Forts,EarthWork Games,EarthWork Games,20535,1786,0,1500000.0,0,0,0,0,899,1499,40,379
2296990,We Were Here Expeditions: The FriendShip,Total Mayhem Games,Total Mayhem Games,20306,2028,0,1500000.0,0,0,0,0,399,399,0,63
283640,Salt and Sanctuary,Ska Studios,Ska Studios,18485,2167,0,1500000.0,0,0,0,0,1799,1799,0,48
397950,Clustertruck,Landfall,tinyBuild,16041,1113,0,1500000.0,0,0,0,0,1499,1499,0,56
371660,Far Cry Primal,Ubisoft,Ubisoft,28267,4625,0,1500000.0,0,0,0,0,2999,2999,0,235
1173690,Resident Evil 3: Raccoon City Demo,"CAPCOM Co., Ltd.","CAPCOM Co., Ltd.",8985,1084,0,1500000.0,0,0,0,0,0,0,0,5
1966900,20 Minutes Till Dawn,flanne,flanne,25358,2361,0,1500000.0,0,0,0,0,299,499,40,146
20500,Red Faction Guerrilla Steam Edition,"Volition, Reactor Zero, THQ Nordic",Deep Silver,6859,765,0,1500000.0,0,0,0,0,1999,1999,0,5
437920,Tricky Towers,WeirdBeard,WeirdBeard,14179,1516,0,1500000.0,0,0,0,0,1499,1499,0,71
40970,Stronghold Crusader HD (2012),Firefly Studios,Firefly Studios,19346,465,0,1500000.0,0,0,0,0,999,999,0,746
1605220,Dune: Spice Wars,Shiro Games,"Funcom, Shiro Games",9973,2547,0,1500000.0,0,0,0,0,3499,3499,0,203
715220,Ironsight,Wiple Games,Aeria Games,4149,1145,0,1500000.0,0,0,0,0,0,0,0,0
218680,Scribblenauts Unlimited,5th Cell Media,Warner Bros. Interactive Entertainment,11038,717,0,1500000.0,0,0,0,0,1999,1999,0,35
826630,Iron Harvest,KING Art,"Prime Matter, Deep Silver",10945,4123,0,1500000.0,0,0,0,0,449,2999,85,93
996470,eFootball  PES 2020,Konami Digital Entertainment,Konami Digital Entertainment,18667,7563,0,1500000.0,0,0,0,0,0,0,0,181
1919590,NBA 2K23,Visual Concepts,2K,31908,19567,0,1500000.0,0,0,0,0,0,0,0,1118
48720,Mount & Blade: With Fire & Sword,TaleWorlds Entertainment,TaleWorlds Entertainment,11961,1613,0,1500000.0,0,0,0,0,999,999,0,99
12140,Max Payne,Remedy Entertainment,Rockstar Games,13072,1581,0,1500000.0,0,0,0,0,999,999,0,43
1206560,WorldBox - God Simulator,Maxim Karpenko,Maxim Karpenko,41874,2188,0,1500000.0,0,0,0,0,1999,1999,0,1589
903950,Last Oasis,Donkey Crew,"Donkey Crew, Snail Games USA",14952,9133,0,1500000.0,0,0,0,0,2999,2999,0,153
233290,Murdered: Soul Suspect,Airtight Games,Square Enix,14278,2373,0,1500000.0,0,0,0,0,1999,1999,0,11
2300320,Farming Simulator 25,GIANTS Software,GIANTS Software,28079,5496,0,1500000.0,0,0,0,0,2999,2999,0,13431
1295660,Sid Meier's Civilization VII,Firaxis Games,2K,20502,21746,0,1500000.0,0,0,0,0,6999,6999,0,5931
1325860,VTube Studio,DenchiSoft,DenchiSoft,5283,412,0,1500000.0,0,0,0,0,0,0,0,10139
997070,Marvel's Avengers - The Definitive Edition,"Crystal Dynamics, Eidos-Montréal, Nixxes",Crystal Dynamics,22704,11386,0,1500000.0,0,0,0,0,0,0,0,68
916440,Anno 1800,Ubisoft Mainz,Ubisoft,20368,4723,0,1500000.0,0,0,0,0,5999,5999,0,2784
858810,Dawn of Man,Madruga Works,Madruga Works,14845,2252,0,1500000.0,0,0,0,0,2499,2499,0,323
1407200,World of Tanks,Wargaming Group Limited,Wargaming Group Limited,72570,15266,0,1500000.0,0,0,0,0,0,0,0,3869
238430,Contagion,"Monochrome, Inc","Monochrome, Inc",11222,4206,0,1500000.0,0,0,0,0,999,999,0,27
1244460,Jurassic World Evolution 2,Frontier Developments,Frontier Developments,32817,3821,0,1500000.0,0,0,0,0,5999,5999,0,1413
1118310,RetroArch,Libretro,Libretro,7224,839,0,1500000.0,0,0,0,0,0,0,0,619
882100,XCOM: Chimera Squad,Firaxis Games,2K,16302,6407,0,1500000.0,0,0,0,0,999,999,0,68
206210,Gotham City Impostors Free to Play,"Monolith Productions, Inc.",Warner Bros. Interactive Entertainment,10295,1754,0,1500000.0,0,0,0,0,0,0,0,0
205950,Jet Set Radio,Blit Software,SEGA,7097,1030,0,1500000.0,0,0,0,0,0,0,0,7
879160,Battlerite Royale,Stunlock Studios,Stunlock Studios,6088,2103,0,1500000.0,0,0,0,0,0,0,0,5
1106840,Hydroneer,Foulball Hangover,Foulball Hangover,21755,3368,0,1500000.0,0,0,0,0,1499,1499,0,374
1210320,Potion Craft: Alchemist Simulator,niceplay games,tinyBuild,34716,2892,0,1500000.0,0,0,0,0,1999,1999,0,941
728540,Islands of Nyne: Battle Royale,Define Human Studios,Define Human Studios,3387,3302,0,1500000.0,0,0,0,0,0,0,0,0
285160,LEGO The Hobbit,"Traveller's Tales, Feral Interactive (Mac)","Warner Bros. Interactive Entertainment, Feral Interactive (Mac)",7895,1882,0,1500000.0,0,0,0,0,399,1999,80,69
1119730,"Ranch Simulator: Build, Hunt, Farm",Toxic Dog,Excalibur Games,28977,7042,0,1500000.0,0,0,0,0,2499,2499,0,1488
1657630,Slime Rancher 2,Monomi Park,Monomi Park,31703,1916,0,1500000.0,0,0,0,0,1799,2999,40,524
246420,Kingdom Rush  - Tower Defense,Ironhide Game Studio,Ironhide Game Studio,14430,402,0,1500000.0,0,0,0,0,999,999,0,214
1448440,Wo Long: Fallen Dynasty,"KOEI TECMO GAMES CO., LTD.","KOEI TECMO GAMES CO., LTD., CE-Asia(Asia)",13447,14241,0,1500000.0,0,0,0,0,1999,3999,50,151
1810580,Nobody - The Turnaround,U.Ground Game Studio,Thermite Games,8509,5730,0,1500000.0,0,0,0,0,0,0,0,36
1817190,Marvel’s Spider-Man: Miles Morales,"Insomniac Games, Nixxes Software",PlayStation Publishing LLC,40722,2959,0,1500000.0,0,0,0,0,1999,4999,60,377
244450,Men of War: Assault Squad 2,Digitalmindsoft,Fulqrum Publishing,40520,3881,0,1500000.0,0,0,0,0,2999,2999,0,711
282660,Easy eSports,EasyAntiCheat Ltd,EasyAntiCheat Ltd,7812,1883,0,1500000.0,0,0,0,0,0,0,0,3
1325200,Nioh 2 – The Complete Edition,"KOEI TECMO GAMES CO., LTD.","KOEI TECMO GAMES CO., LTD.",39965,5531,0,1500000.0,0,0,0,0,1999,4999,60,1441
960990,Beyond: Two Souls,Quantic Dream,Quantic Dream,24755,3272,0,1500000.0,0,0,0,0,1999,1999,0,210
383180,Dead Island: Riptide Definitive Edition,Techland,Deep Silver,8342,3358,0,1500000.0,0,0,0,0,1999,1999,0,140
209660,Call of Duty: Advanced Warfare - Gold Edition,"Sledgehammer Games, Raven Software",Activision,13493,8403,0,1500000.0,0,0,0,0,3999,3999,0,17
751780,Forager,HopFrog,Balor Games,36751,4130,0,1500000.0,0,0,0,0,1999,1999,0,235
544920,Darwin Project,Scavengers Studio,Scavengers Studio,14978,3410,0,1500000.0,0,0,0,0,0,0,0,0
226860,Galactic Civilizations III,Stardock Entertainment,Stardock Entertainment,7874,2408,0,1500000.0,0,0,0,0,2999,2999,0,161
1418630,Dread Hunger,Dread Hunger Team,Digital Confectioners,27859,18326,0,1500000.0,0,0,0,0,0,0,0,751
939400,LoveChoice,Akaba Studio,Akaba Studio,31465,2425,0,1500000.0,0,0,0,0,199,199,0,92
2321470,Deep Rock Galactic: Survivor,Funday Games,Ghost Ship Publishing,31693,4865,0,1500000.0,0,0,0,0,1299,1299,0,1300
268870,Satellite Reign,5 Lives Studios,5 Lives Studios,3737,1492,0,1500000.0,0,0,0,0,2999,2999,0,5
953490,CARRION,Phobia Game Studio,Devolver Digital,25814,1496,0,1500000.0,0,0,0,0,1999,1999,0,44
698670,Scorn,Ebb Software,Kepler Interactive,11887,3613,0,1500000.0,0,0,0,0,1249,4999,75,20
1128920,EVERSPACE 2,ROCKFISH Games,ROCKFISH Games,10088,1540,0,1500000.0,0,0,0,0,4999,4999,0,331
1418100,Swords of Legends Online,"Wangyuan Shengtang Entertainment Technology CO., 上海烛龙信息科技有限公司",Gameforge 4D GmbH,3878,1944,0,1500000.0,0,0,0,0,0,0,0,2
329110,Gems of War - Puzzle RPG,Infinity Plus 2,505 Games,7067,1723,0,1500000.0,0,0,0,0,0,0,0,2002
1264670,The Wind Road,甘肃嘉元数字科技有限公司,Phoenix Game,4706,2098,0,1500000.0,0,0,0,0,2999,2999,0,1
214340,Deponia,Daedalic Entertainment,Daedalic Entertainment,10509,1566,0,1500000.0,0,0,0,0,999,999,0,25
205230,Hell Yeah! Wrath of the Dead Rabbit,Arkedo,SEGA,3132,543,0,1500000.0,0,0,0,0,1499,1499,0,1
17570,"Pirates, Vikings, and Knights II",Octoshark Studios,Octoshark Studios,5227,730,0,1500000.0,0,0,0,0,0,0,0,13
1258080,Shop Titans,"Kabam Games, Inc.","Kabam Games, Inc.",13249,3679,0,1500000.0,0,0,0,0,0,0,0,3279
610080,Realm Grinder,Divine Games,Kongregate,6185,917,0,1500000.0,0,0,0,0,0,0,0,595
962730,Skater XL - The Ultimate Skateboarding Game,Easy Day Studios Pty Ltd,Easy Day Studios Pty Ltd,16733,2736,0,1500000.0,0,0,0,0,2999,3999,25,165
375910,Anno 2205,Blue Byte,Ubisoft,4174,1819,0,1500000.0,0,0,0,0,3999,3999,0,63
911400,Assassin's Creed III Remastered,Ubisoft Entertainment,Ubisoft Entertainment				,7703,4881,0,1500000.0,0,0,0,0,3999,3999,0,295
1237980,STAR WARS Battlefront,DICE,Electronic Arts,4116,1129,0,1500000.0,0,0,0,0,499,1999,75,55
1262600,Need for Speed Rivals,Criterion Games,Electronic Arts,6633,2218,0,1500000.0,0,0,0,0,1999,1999,0,42
2679460,Metaphor: ReFantazio,ATLUS,SEGA,31641,3199,0,1500000.0,0,0,0,0,6999,6999,0,1753
1419170,My Singing Monsters,Big Blue Bubble,Big Blue Bubble,39143,2558,0,1500000.0,0,0,0,0,0,0,0,740
1337520,Risk of Rain Returns,Hopoo Games,"Gearbox Publishing, 2K",25087,2736,0,1500000.0,0,0,0,0,1499,1499,0,220
2212330,Your Only Move Is HUSTLE,Ivy Sly,Ivy Sly,30716,1160,0,1500000.0,0,0,0,0,499,499,0,613
1134570,F1 2021,Codemasters,Electronic Arts,30062,5024,0,1500000.0,0,0,0,0,0,0,0,153
2420110,Horizon Forbidden West Complete Edition,"Guerrilla, Nixxes Software",PlayStation Publishing LLC,20325,2410,0,1500000.0,0,0,0,0,5999,5999,0,1005
1062520,Dinkum,James Bendon,"KRAFTON, Inc.",22671,1913,0,1500000.0,0,0,0,0,1999,1999,0,2422
994280,Gujian3(古剑奇谭三),"上海烛龙信息科技有限公司, Aurogon Shanghai",北京网元圣唐娱乐科技有限公司,41193,6652,0,1500000.0,0,0,0,0,1199,2999,60,103
1222730,STAR WARS: Squadrons,MOTIVE,Electronic Arts,17756,9298,0,1500000.0,0,0,0,0,399,3999,90,79
368070,Sniper Ghost Warrior 3,CI Games,CI Games,12341,6161,0,1500000.0,0,0,0,0,1999,1999,0,134
1669980,Volcano Princess,养蛋人 Egg Hatcher,养蛋人 Egg Hatcher,40290,890,0,1500000.0,0,0,0,0,714,1099,35,553
47780,Dead Space 2,Visceral Games,Electronic Arts,24396,1550,0,1500000.0,0,0,0,0,399,1999,80,82
872410,ROMANCE OF THE THREE KINGDOMS XIV,"KOEI TECMO GAMES CO., LTD.","KOEI TECMO GAMES CO., LTD.",9421,5690,0,1500000.0,0,0,0,0,5999,5999,0,1827
23490,Tropico 3,Haemimont Games,Kalypso Media Digital,1653,202,0,1500000.0,0,0,0,0,999,999,0,5
531510,Just Shapes & Beats,Berzerk Studio,Berzerk Studio,21613,537,0,1500000.0,0,0,0,0,1999,1999,0,220
2440510,Forza Motorsport,Turn 10,Xbox Game Studios,4749,5236,0,1500000.0,0,0,0,0,6999,6999,0,506
1036700,My Beautiful Paper Smile,Two Star Games,"V Publishing, Surefire.Games",340,58,0,1500000.0,0,0,0,0,1499,1499,0,0
469600,Legion TD 2 - Multiplayer Tower Defense,AutoAttack Games,AutoAttack Games,11713,1837,0,1500000.0,0,0,0,0,2499,2499,0,687
380840,Teeworlds,Teeworlds Team,Teeworlds Team,3869,507,0,1500000.0,0,0,0,0,0,0,0,11
22300,Fallout 3,Bethesda Game Studios,Bethesda Softworks,16975,3955,0,1500000.0,0,0,0,0,249,999,75,44
17430,Need for Speed Undercover,EA Black Box,Electronic Arts,5969,1957,0,1500000.0,0,0,0,0,0,0,0,13
92800,SpaceChem,Zachtronics,Zachtronics,4605,387,0,1500000.0,0,0,0,0,999,999,0,11
236090,Dust: An Elysian Tail,Humble Hearts LLC,Xbox Game Studios,17758,880,0,1500000.0,0,0,0,0,1499,1499,0,8
6920,Deus Ex: Invisible War,Ion Storm,Eidos Interactive Corp.,1322,969,0,1500000.0,0,0,0,0,699,699,0,3
22000,World of Goo,2D BOY,2D BOY ,5808,347,0,1500000.0,0,0,0,0,1499,1499,0,20
1244800,Terraformers,Asteroid Lab,"Goblinz Publishing, IndieArk",2906,387,0,1500000.0,0,0,0,0,799,1999,60,127
34830,Sniper: Ghost Warrior,City Interactive,CI Games,4744,3381,0,1500000.0,0,0,0,0,799,799,0,18
571740,Golf It!,Perfuse Entertainment,Perfuse Entertainment,26261,2748,0,1500000.0,0,0,0,0,449,899,50,352
335330,Brick-Force,Exe Games Inc.,Infernum Games GmbH,1605,2219,0,1500000.0,0,0,0,0,0,0,0,0
420530,OneShot,Future Cat LLC,KOMODO,52785,919,0,1500000.0,0,0,0,0,999,999,0,76
377840,FINAL FANTASY IX,Square Enix,Square Enix,11281,611,0,1500000.0,0,0,0,0,2099,2099,0,351
553420,TUNIC,TUNIC Team,Finji,13921,1260,0,1500000.0,0,0,0,0,2999,2999,0,114
1671210,DELTARUNE,tobyfox,tobyfox,2804,31,0,1500000.0,0,0,0,0,2499,2499,0,83936
209670,Cortex Command,Data Realms,"Data Realms, LLC",4293,1692,0,1500000.0,0,0,0,0,1999,1999,0,4
611790,House Party,"Eek! Games, LLC","Eek! Games, LLC",12922,2066,0,1500000.0,0,0,0,0,2499,2499,0,205
21130,LEGO Harry Potter: Years 1-4,TT Games,Warner Bros. Interactive Entertainment,7862,1154,0,1500000.0,0,0,0,0,1999,1999,0,82
215530,The Incredible Adventures of Van Helsing,NeocoreGames,NeocoreGames,8306,1719,0,1500000.0,0,0,0,0,1499,1499,0,38
235540,Warhammer: End Times - Vermintide,Fatshark,Fatshark,16874,4216,0,1500000.0,0,0,0,0,2999,2999,0,54
597170,Clone Drone in the Danger Zone,Doborog Games,Doborog Games,32025,1042,0,1500000.0,0,0,0,0,1999,1999,0,212
627270,Injustice 2,"NetherRealm Studios, QLOC",WB Games,19320,3077,0,1500000.0,0,0,0,0,499,4999,90,275
626690,Sword Art Online: Fatal Bullet,Dimps Corporation,BANDAI NAMCO Entertainment,15142,4011,0,1500000.0,0,0,0,0,1999,1999,0,45
293180,Overcast - Walden and the Werewolf,Microblast Games,SA Industry,1790,1136,0,1500000.0,0,0,0,0,499,499,0,1
1328660,Need for Speed Hot Pursuit Remastered,Stellar Entertainment Limited,Electronic Arts,9296,2219,0,1500000.0,0,0,0,0,299,2999,90,116
867210,Songs of Conquest,Lavapotion,Coffee Stain Publishing,10044,1632,0,1500000.0,0,0,0,0,749,2999,75,121
221640,Super Hexagon,Terry Cavanagh,Terry Cavanagh,23905,771,0,1500000.0,0,0,0,0,299,299,0,12
211420,DARK SOULS: Prepare To Die Edition,"FromSoftware, Inc.",Bandai Namco Entertainment,71475,6662,0,1500000.0,0,0,0,0,0,0,0,124
332800,Five Nights at Freddy's 2,Scott Cawthon,Scott Cawthon,21272,1425,0,1500000.0,0,0,0,0,799,799,0,35
2780980,LOCKDOWN Protocol,Mirage Creative Lab,Mirage Creative Lab,13058,1808,0,1500000.0,0,0,0,0,999,999,0,411
251950,WWII Online,Cornered Rat Software,"Playnet, Inc.",1863,1850,0,1500000.0,0,0,0,0,0,0,0,17
595520,FINAL FANTASY XII THE ZODIAC AGE,Square Enix,Square Enix,7748,860,0,1500000.0,0,0,0,0,4999,4999,0,298
1066780,Transport Fever 2,Urban Games,Good Shepherd Entertainment,24960,2667,0,1500000.0,0,0,0,0,3999,3999,0,3465
707010,Will To Live Online,AlphaSoft LLC,AlphaSoft LLC,12263,5314,0,1500000.0,0,0,0,0,0,0,0,542
1262560,Need for Speed Most Wanted,Criterion Games,Electronic Arts,17586,5164,0,1500000.0,0,0,0,0,199,1999,90,133
301640,Zombie Army Trilogy,Rebellion,Rebellion,15274,2389,0,1500000.0,0,0,0,0,4499,4499,0,91
215100,Ragnarok Online,Gravity Interactive,Gravity Interactive,1651,642,0,1500000.0,0,0,0,0,0,0,0,80
530620,Resident Evil 7 Teaser: Beginning Hour,"CAPCOM Co., Ltd.","CAPCOM Co., Ltd.",4067,523,0,1500000.0,0,0,0,0,0,0,0,13
357900,Make it indie!,Sometimes You,Sometimes You,581,678,0,1500000.0,0,0,0,0,99,99,0,0
1104450,Bombergrounds: Battle Royale,Gigantic Duck Games,Gigantic Duck Games,7240,1190,0,1500000.0,0,0,0,0,0,0,0,13
1080110,F1 2020,Codemasters,"Codemasters, Electronic Arts",37531,2566,0,1500000.0,0,0,0,0,0,0,0,211
301750,RADical ROACH Remastered,DL Softworks,DL Softworks,642,491,0,1500000.0,0,0,0,0,0,0,0,8
686200,Door Kickers: Action Squad,"PixelShard, KillHouse Games",KillHouse Games,9617,522,0,1500000.0,0,0,0,0,1399,1399,0,32
234710,Poker Night 2,Telltale Games,Telltale Games,6337,894,0,1500000.0,0,0,0,0,0,0,0,32
2161700,Persona 3 Reload,ATLUS,SEGA,40182,2385,0,1500000.0,0,0,0,0,5999,5999,0,1683
1627720,Lies of P,NEOWIZ,NEOWIZ,48336,4149,0,1500000.0,0,0,0,0,5999,5999,0,1363
865610,Tails Noir,Eggnut,Raw Fury,2072,1021,0,1500000.0,0,0,0,0,2499,2499,0,2
2221490,Tom Clancy’s The Division 2,Ubisoft,Ubisoft,17029,5339,0,1500000.0,0,0,0,0,2999,2999,0,9481
317360,Double Action: Boogaloo,"Double Action Factory, Jorge Rodriguez",Double Action Factory,10555,788,0,1500000.0,0,0,0,0,0,0,0,11
648120,Pixel Sketch,mimicryTeam,mimicryTeam,740,272,0,1500000.0,0,0,0,0,0,0,0,0
399810,Call of Cthulhu,Cyanide Studio,Focus Entertainment,9824,2568,0,1500000.0,0,0,0,0,1999,1999,0,42
1065310,Evil West,Flying Wild Hog,Focus Entertainment,7625,2616,0,1500000.0,0,0,0,0,999,4999,80,109
536930,MOBIUS FINAL FANTASY,Square Enix,Square Enix,3208,1176,0,1500000.0,0,0,0,0,0,0,0,3
1007040,EARTH DEFENSE FORCE 5,SANDLOT,D3PUBLISHER,10166,597,0,1500000.0,0,0,0,0,5999,5999,0,153
403190,Planetbase,Madruga Works,Madruga Works,7859,1993,0,1500000.0,0,0,0,0,1499,1499,0,193
208200,DOOM 3,id Software,Bethesda Softworks,9834,1535,0,1500000.0,0,0,0,0,999,999,0,118
1468260,Leaf Blower Revolution - Idle Game,Humble North,Humble North,23863,1429,0,1500000.0,0,0,0,0,0,0,0,1621
339800,HuniePop,HuniePot,HuniePot,26390,1002,0,1500000.0,0,0,0,0,999,999,0,178
1473480,A.V.A,Valiant,Valiant,3593,4011,0,1500000.0,0,0,0,0,0,0,0,212
1189490,觅长生,Chalcedony Network,Chalcedony Network,26443,1896,0,1500000.0,0,0,0,0,1499,1499,0,1524
575090,Flame of Memory,Kacper Stasiełuk,Kacper Stasiełuk,20,13,0,1500000.0,0,0,0,0,0,0,0,0
219890,Antichamber,Alexander Bruce,Demruth,16269,846,0,1500000.0,0,0,0,0,1999,1999,0,11
413410,Danganronpa: Trigger Happy Havoc,"Spike Chunsoft Co., Ltd., Abstraction Games","Spike Chunsoft Co., Ltd.",29230,1201,0,1500000.0,0,0,0,0,1999,1999,0,173
536220,The Walking Dead: A New Frontier,Telltale Games,Skybound Games,13947,2899,0,1500000.0,0,0,0,0,1499,1499,0,110
341940,Hatred,Destructive Creations,Destructive Creations,18412,3709,0,1500000.0,0,0,0,0,599,599,0,67
559650,Witch It,Barrel Roll Games,Barrel Roll Games,17137,2143,0,1500000.0,0,0,0,0,1999,1999,0,24
32500,STAR WARS: The Force Unleashed II,Aspyr Studios,"LucasArts, Lucasfilm, Disney",4692,2696,0,1500000.0,0,0,0,0,1999,1999,0,43
667890,Dead Maze,Atelier 801,Atelier 801,3540,1173,0,1500000.0,0,0,0,0,0,0,0,52
666140,My Time at Portia,Pathea Games,Focus Entertainment,39671,3599,0,1500000.0,0,0,0,0,2999,2999,0,593
522210,Serial Cleaner,Draw Distance,Curve Games,3244,526,0,1500000.0,0,0,0,0,299,1499,80,6
310370,The Way of Life Free Edition,"CyberCoconut, Fabio Ferrara",CyberCoconut,4609,1617,0,1500000.0,0,0,0,0,0,0,0,3
669330,Mechabellum,Game River,Dreamhaven,12973,2105,0,1500000.0,0,0,0,0,1049,1499,30,1748
1262240,Plants vs. Zombies: Battle for Neighborville,PopCap,Electronic Arts,12261,4994,0,1500000.0,0,0,0,0,2999,2999,0,108
250180,METAL SLUG 3,"SNK CORPORATION, Dotemu",SNK CORPORATION,7698,881,0,1500000.0,0,0,0,0,799,799,0,17
41700,S.T.A.L.K.E.R.: Call of Pripyat,GSC Game World,GSC Game World,29579,1378,0,1500000.0,0,0,0,0,1999,1999,0,142
422100,Heaven Island Life,Fabio Ferrara,Chubby Pixel,386,319,0,1500000.0,0,0,0,0,49,99,51,0
999220,Amnesia: Rebirth,Frictional Games,Frictional Games,6676,2010,0,1500000.0,0,0,0,0,2999,2999,0,15
489630,"Warhammer 40,000: Gladius - Relics of War",Proxy Studios,Slitherine Ltd.,12195,2780,0,1500000.0,0,0,0,0,3999,3999,0,1326
10150,Prototype,Radical Entertainment,Activision,9896,2461,0,1500000.0,0,0,0,0,1999,1999,0,223
412880,Drift Streets Japan,JDM4iK Games,"SA Industry, BATYSTORE LTD",2329,1276,0,1500000.0,0,0,0,0,499,499,0,2
208480,Assassin’s Creed III,Ubisoft Montreal,Ubisoft,10458,3698,0,1500000.0,0,0,0,0,0,0,0,14
244160,Homeworld Remastered Collection,"Gearbox Software, Aspyr (Mac)","Gearbox Publishing, Aspyr (Mac), 2K",12005,1584,0,1500000.0,0,0,0,0,3499,3499,0,92
463710,Puzzle Galaxies,Evermore Game Studios,Sometimes You,100,68,0,1500000.0,0,0,0,0,99,99,0,0
567640,Danganronpa V3: Killing Harmony,"Spike Chunsoft Co., Ltd.","Spike Chunsoft Co., Ltd.",16665,3225,0,1500000.0,0,0,0,0,3999,3999,0,164
1214670,Mr. Sun's Hatbox,Kenny Sun,Raw Fury,384,61,0,1500000.0,0,0,0,0,1499,1499,0,5
376570,WildStar,Carbine Studios,NCSOFT,3822,1278,0,1500000.0,0,0,0,0,0,0,0,0
330020,Children of Morta,Dead Mage,11 bit studios,18625,2341,0,1500000.0,0,0,0,0,329,2199,85,69
607260,McOsu,McKay,McKay,5484,701,0,1500000.0,0,0,0,0,0,0,0,80
2878980,NBA 2K25,Visual Concepts,2K,18767,13207,0,1500000.0,0,0,0,0,6999,6999,0,27486
1377580,Soulworker,VALOFE,G・O・P,7552,3088,0,1500000.0,0,0,0,0,0,0,0,127
625340,XERA: Survival,Spotted Kiwi Interactive,Spotted Kiwi Interactive,5185,2589,0,1500000.0,0,0,0,0,0,0,0,39
1302240,Labyrinthine,Valko Game Studios,Valko Game Studios,13842,2416,0,1500000.0,0,0,0,0,999,999,0,179
555160,Pavlov,Vankrupt Games,Vankrupt Games,35512,4160,0,1500000.0,0,0,0,0,2499,2499,0,107
690040,SUPERHOT: MIND CONTROL DELETE,SUPERHOT Team,SUPERHOT Team,10143,1872,0,1500000.0,0,0,0,0,2499,2499,0,32
1148650,The Legend of Bum-Bo,"Edmund McMillen, James Interactive, Ridiculon",Edmund McMillen,4695,1106,0,1500000.0,0,0,0,0,1499,1499,0,10
678800,SAS: Zombie Assault 4,Ninja Kiwi,Ninja Kiwi,7854,1258,0,1500000.0,0,0,0,0,0,0,0,205
1549970,Aliens: Fireteam Elite,Cold Iron Studios,"Cold Iron Studios, Focus Entertainment",19732,4999,0,1500000.0,0,0,0,0,599,2999,80,281
13140,America's Army 3,U.S. Army,U.S. Army,1732,727,0,1500000.0,0,0,0,0,0,0,0,1
404790,Godot Engine,Godot Engine,Godot Engine,6696,1110,0,1500000.0,0,0,0,0,0,0,0,1024
619820,Heroes of Hammerwatch II,Crackshell,Team17,3684,612,0,1500000.0,0,0,0,0,799,1999,60,144
1382330,Persona 5 Strikers,ATLUS,SEGA,14384,1932,0,1500000.0,0,0,0,0,5999,5999,0,199
1718570,ASTLIBRA Revision,KEIZO,WhisperGames,25774,1184,0,1500000.0,0,0,0,0,2499,2499,0,742
400750,Call to Arms - Gates of Hell: Ostfront,"Barbedwire Studios, Digitalmindsoft",Digitalmindsoft,19837,3974,0,1500000.0,0,0,0,0,874,3499,75,2216
359870,FINAL FANTASY X/X-2 HD Remaster,Square Enix,Square Enix,18031,2016,0,1500000.0,0,0,0,0,2999,2999,0,776
558100,Art of War: Red Tides,Game Science,Game Science,5458,1460,0,1500000.0,0,0,0,0,0,0,0,44
787480,Phoenix Wright: Ace Attorney Trilogy,"CAPCOM Co., Ltd.","CAPCOM Co., Ltd.",36370,884,0,1500000.0,0,0,0,0,989,2999,67,826
427290,Vampyr,DONTNOD Entertainment,Focus Entertainment,17075,5009,0,1500000.0,0,0,0,0,3999,3999,0,267
365360,Battle Brothers,Overhype Studios,"Hooded Horse, Overhype Studios",21455,2874,0,1500000.0,0,0,0,0,2999,2999,0,1091
1222690,Dragon Age Inquisition,BioWare,Electronic Arts,14780,4815,0,1500000.0,0,0,0,0,999,3999,75,454
1369630,ENDER LILIES: Quietus of the Knights,"Live Wire, Adglobe",Binary Haze Interactive,37155,2378,0,1500000.0,0,0,0,0,2499,2499,0,181
434570,Blood and Bacon,Big Corporation,Grunge Games LTD,32796,1633,0,1500000.0,0,0,0,0,99,99,0,28
1227890,Summer Memories,Dojin Otome,Kagura Games,20258,1541,0,1500000.0,0,0,0,0,1999,1999,0,1585
631510,Devil May Cry HD Collection,"CAPCOM Co., Ltd.","CAPCOM Co., Ltd.",15904,1214,0,1500000.0,0,0,0,0,2999,2999,0,675
590380,Into the Breach,Subset Games,Subset Games,19126,1090,0,1500000.0,0,0,0,0,1499,1499,0,285
1490890,Demon Slayer -Kimetsu no Yaiba- The Hinokami Chronicles,CyberConnect2,SEGA,16576,2423,0,1500000.0,0,0,0,0,5999,5999,0,59
329430,State of Decay: YOSE,Undead Labs,Xbox Game Studios,10111,2212,0,1500000.0,0,0,0,0,1999,1999,0,96
252530,OMSI 2: Steam Edition,MR-Software GbR,Aerosoft GmbH,11270,1923,0,1500000.0,0,0,0,0,2999,2999,0,587
244930,SNOW - The Ultimate Edition,"Poppermost Productions, WastedStudios, Crytek",Crytek,7672,4382,0,1500000.0,0,0,0,0,0,0,0,0
960170,DJMAX RESPECT V,NEOWIZ,NEOWIZ,26014,3112,0,1500000.0,0,0,0,0,4999,4999,0,854
915320,Pixel Strike 3D,Vulcron,Vulcron,9310,3293,0,1500000.0,0,0,0,0,0,0,0,57
1049800,BLOCKADE,Novalink,Novalink,8570,2889,0,1500000.0,0,0,0,0,0,0,0,21
1922560,Plants vs. Zombies Garden Warfare 2: Deluxe Edition,PopCap,Electronic Arts,30964,3331,0,1500000.0,0,0,0,0,899,2999,70,855
1385380,Across the Obelisk,Dreamsite Games,"Paradox Interactive, Paradox Arc",9733,2133,0,1500000.0,0,0,0,0,1999,1999,0,531
352400,LEGO Jurassic World,TT Games Ltd,Warner Bros. Interactive Entertainment,8747,744,0,1500000.0,0,0,0,0,399,1999,80,95
237310,Elsword,KOG,KOG Games,7057,2516,0,1500000.0,0,0,0,0,0,0,0,401
1465360,SnowRunner,Saber Interactive,Focus Entertainment,39488,4393,0,1500000.0,0,0,0,0,1199,2999,60,3132
347560,Terra Incognita Chapter One: The Descendant,Back To Basics Gaming,Back To Basics Gaming,671,373,0,1500000.0,0,0,0,0,199,199,0,1
1097840,Gears 5,The Coalition,Xbox Game Studios,16400,6909,0,1500000.0,0,0,0,0,449,2999,85,230
375480,Chronicon,Subworld,Subworld,8798,517,0,1500000.0,0,0,0,0,1399,1399,0,73
411300,ELEX,Piranha Bytes,THQ Nordic,14162,4856,0,1500000.0,0,0,0,0,2999,2999,0,82
404410,Endless Sky,Michael Zahniser,Michael Zahniser,6141,510,0,1500000.0,0,0,0,0,0,0,0,160
736260,Baba Is You,Hempuli Oy,Hempuli Oy,21441,480,0,1500000.0,0,0,0,0,1499,1499,0,269
578650,The Outer Worlds,Obsidian Entertainment,"Private Division, Xbox Game Studios",21727,4325,0,1500000.0,0,0,0,0,2999,2999,0,150
513780,Turbo Pug DX,"SnowFlame, Back To Basics Gaming",Back To Basics Gaming,1407,405,0,1500000.0,0,0,0,0,199,199,0,0
931690,Himno,David Moralejo Sánchez,"GrabTheGames, UpgradePoint",5272,503,0,1500000.0,0,0,0,0,0,0,0,1
1256670,Library Of Ruina,ProjectMoon,ProjectMoon,32471,2038,0,1500000.0,0,0,0,0,2999,2999,0,1299
859580,Imperator: Rome,Paradox Development Studio,Paradox Interactive,17159,9343,0,1500000.0,0,0,0,0,3999,3999,0,547
2051620,Enlisted: Reinforced,Darkflow Software,Gaijin Network Ltd,22507,5656,0,1500000.0,0,0,0,0,0,0,0,2569
1164850,Sinking Simulator,Wicpar,Pac0master,3663,634,0,1500000.0,0,0,0,0,99,99,0,10
224480,Octodad: Dadliest Catch,Young Horses,Young Horses,9539,616,0,1500000.0,0,0,0,0,1499,1499,0,18
225840,Sven Co-op,Sven Co-op team,Sven Co-op team,29316,2000,0,1500000.0,0,0,0,0,0,0,0,112
803330,Destroy All Humans!,"Black Forest Games, Pandemic Studios",THQ Nordic,10010,827,0,1500000.0,0,0,0,0,2999,2999,0,22
1703340,The Stanley Parable: Ultra Deluxe,Crows Crows Crows,Crows Crows Crows,28795,1760,0,1500000.0,0,0,0,0,2499,2499,0,73
575110,Magic Lantern,Parovoz Animation Studio,Interactive Moolt,24,2,0,1500000.0,0,0,0,0,0,0,0,0
480490,Prey,Arkane Studios,Bethesda Softworks,46381,4652,0,1500000.0,0,0,0,0,599,2999,80,263
1677280,Company of Heroes 3,Relic Entertainment,Relic Entertainment,18936,14310,0,1500000.0,0,0,0,0,2399,5999,60,2183
2000950,Call of Duty: Modern Warfare,"Infinity Ward, Beenox, High Moon Studios, Raven Software",Activision,16610,4378,0,1500000.0,0,0,0,0,5999,5999,0,847
763890,Wildermyth,Worldwalker Games LLC,"Worldwalker Games LLC, WhisperGames",16587,904,0,1500000.0,0,0,0,0,2499,2499,0,270
280160,Aragami,Lince Works,Lince Works,11480,1268,0,1500000.0,0,0,0,0,1999,1999,0,11
2058180,Judgment,RGG Studio,SEGA,9190,553,0,1500000.0,0,0,0,0,3999,3999,0,202
738520,Breathedge,RedRuins Softworks,"HypeTrain Digital, RedRuins Softworks",12620,2700,0,1500000.0,0,0,0,0,2499,2499,0,37
2130,Dark Messiah of Might & Magic,Arkane Studios,Ubisoft,4769,355,0,1500000.0,0,0,0,0,999,999,0,0
222480,Resident Evil Revelations,Capcom,Capcom,12258,2947,0,1500000.0,0,0,0,0,499,1999,75,101
1113120,IXION,Bulwark Studios,Kasedo Games,12290,3399,0,1500000.0,0,0,0,0,3499,3499,0,133
350080,Wolfenstein: The Old Blood,MachineGames,Bethesda Softworks,18761,2052,0,1500000.0,0,0,0,0,499,1999,75,157
9350,Supreme Commander,Gas Powered Games,Square Enix,2615,324,0,1500000.0,0,0,0,0,1299,1299,0,40
1238000,Mass Effect: Andromeda Deluxe Edition,BioWare,Electronic Arts,12344,4232,0,1500000.0,0,0,0,0,799,3999,80,285
91600,Sanctum,Coffee Stain Studios,Coffee Stain Publishing,2943,359,0,1500000.0,0,0,0,0,999,999,0,4
1338770,Sniper Ghost Warrior Contracts 2,CI Games,CI Games,10606,1975,0,1500000.0,0,0,0,0,3999,3999,0,217
410110,12 is Better Than 6,Ink Stains Games,HypeTrain Digital,6152,1217,0,1500000.0,0,0,0,0,999,999,0,9
597820,BIOMUTANT,Experiment 101,THQ Nordic,12840,6587,0,1500000.0,0,0,0,0,3999,3999,0,37
1954200,Kena: Bridge of Spirits,Ember Lab,Ember Lab,14031,1209,0,1500000.0,0,0,0,0,3999,3999,0,43
485610,Soccer Online: Ball 3D,Unusualsoft,Unusualsoft,8539,1552,0,1500000.0,0,0,0,0,49,99,51,77
1285670,Post Void,YCJY Games,YCJY Games,10588,307,0,1500000.0,0,0,0,0,299,299,0,8
362680,Fran Bow,Killmonday Games AB,Killmonday Games AB,18502,514,0,1500000.0,0,0,0,0,1499,1499,0,80
689580,TurnSignal,Ben Otter,Otter-Co,634,62,0,1500000.0,0,0,0,0,0,0,0,44
331360,Heavy Metal Machines,Hoplon,Forthright Entertainment,2983,986,0,1500000.0,0,0,0,0,0,0,0,0
313160,Farming Simulator 15,Giants Software,Giants Software,14243,1193,0,1500000.0,0,0,0,0,1299,1299,0,84
257850,Hyper Light Drifter,Heart Machine,Heart Machine,16617,1226,0,1500000.0,0,0,0,0,1999,1999,0,44
1127400,Mindustry,AnukenDev,AnukenDev,21329,937,0,1500000.0,0,0,0,0,999,999,0,658
19680,Alice: Madness Returns,Spicy Horse Games,Electronic Arts,21729,2358,0,1500000.0,0,0,0,0,249,999,75,260
493900,Dungeons 3,Realmforge Studios,Kalypso Media,17320,1062,0,1500000.0,0,0,0,0,2999,2999,0,62
479130,ESEA,ESEA,ESEA,3052,1125,0,1500000.0,0,0,0,0,0,0,0,1
2593370,The Hungry Lamb: Traveling in the Late Ming Dynasty,零创游戏(ZerocreationGame),"零创游戏(ZerocreationGame), 2P Games",50859,1921,0,1500000.0,0,0,0,0,999,999,0,181
298240,War Trigger 3,"Rocketeer Games Studio, LLC","Rocketeer Games Studio, LLC",4896,3328,0,750000.0,0,0,0,0,0,0,0,9
247000,Talisman: Digital Classic Edition,Nomad Games,Nomad Games,7569,2092,0,750000.0,0,0,0,0,174,699,75,102
1116960,UNDEFEATED,"UNDEFEATED Games, Indie-us Games",Vantan Game Academy,6046,867,0,750000.0,0,0,0,0,0,0,0,22
240760,Wasteland 2: Director's Cut,inXile Entertainment,inXile Entertainment,6641,1413,0,750000.0,0,0,0,0,2999,2999,0,10
1283970,YoloMouse - Cursor Changer,Dragonrise Games,Dragonrise Games,2159,177,0,750000.0,0,0,0,0,499,499,0,8493
493490,City Car Driving,"Forward Development, Ltd.","Forward Global Group, Ltd.",24830,5346,0,750000.0,0,0,0,0,2499,2499,0,484
46500,Syberia,Microids,Microids,5566,739,0,750000.0,0,0,0,0,1299,1299,0,25
1245250,Thrive: Heavy Lies The Crown,Zugalu Entertainment,PlaySide,179,69,0,750000.0,0,0,0,0,1399,2799,50,6
1812620,DSX,Paliverse,Paliverse,3667,1706,0,750000.0,0,0,0,0,799,799,0,5121
22600,Worms Reloaded,Team17 Digital Ltd,Team17 Digital Ltd,4236,631,0,750000.0,0,0,0,0,1999,1999,0,24
1226470,Shadow Arena,Pearl Abyss,Pearl Abyss,3064,2420,0,750000.0,0,0,0,0,0,0,0,0
2990,FlatOut 2,"Bugbear Entertainment, ZOOM Platform Media, Jordan Freeman Group",Strategy First,17923,737,0,750000.0,0,0,0,0,199,999,80,85
312670,Strange Brigade,Rebellion,Rebellion,9034,1694,0,750000.0,0,0,0,0,4999,4999,0,18
384190,ABZU,Giant Squid,505 Games,24253,1860,0,750000.0,0,0,0,0,1999,1999,0,10
875210,Kingdom Heroes 8,"USERJOY Technology Co.,Ltd.","USERJOY Technology Co.,Ltd., Phoenix Game",7842,6640,0,750000.0,0,0,0,0,2999,2999,0,257
17340,Crysis Warhead,Crytek,Electronic Arts,1783,324,0,750000.0,0,0,0,0,1999,1999,0,1
1985810,Call of Duty: Black Ops Cold War,"Treyarch, Raven Software, High Moon Studios, Beenox, Activision Shanghai, Sledgehammer Games",Activision,15797,3923,0,750000.0,0,0,0,0,5999,5999,0,644
861650,Session: Skate Sim,crea-ture Studios Inc.,Nacon,12016,2383,0,750000.0,0,0,0,0,999,3999,75,262
445980,Wizard of Legend,Contingent99,"Contingent99, Balor Games",18633,1887,0,750000.0,0,0,0,0,1599,1599,0,70
2140020,Stronghold: Definitive Edition,Firefly Studios,Firefly Studios,7470,1211,0,750000.0,0,0,0,0,1499,1499,0,236
501300,What Remains of Edith Finch,Giant Sparrow,Annapurna Interactive,43128,1925,0,750000.0,0,0,0,0,1999,1999,0,70
65540,Gothic 1,Piranha Bytes,THQ Nordic,14629,1233,0,750000.0,0,0,0,0,1999,1999,0,103
1162520,Richman10,"Softstar Technology (Beijing) Co.,Ltd",SOFTSTAR ENTERTAINMENT,7451,6871,0,750000.0,0,0,0,0,1399,1399,0,255
409160,"Dr. Langeskov, The Tiger, and The Terribly Cursed Emerald: A Whirlwind Heist",Crows Crows Crows,Crows Crows Crows,9108,665,0,750000.0,0,0,0,0,0,0,0,2
319910,Trine 3: The Artifacts of Power,Frozenbyte,Frozenbyte,5598,3261,0,750000.0,0,0,0,0,2199,2199,0,9
562810,MONOPOLY PLUS,Ubisoft Pune,Ubisoft,6919,9432,0,750000.0,0,0,0,0,0,0,0,39
301910,Saints Row: Gat out of Hell,"Deep Silver Volition, High Voltage Software",Deep Silver,7190,2362,0,750000.0,0,0,0,0,1499,1499,0,10
955900,Amazing Cultivation Simulator,GSQ Games,"GSQ Games, Gamirror Games",19720,3289,0,750000.0,0,0,0,0,2499,2499,0,598
1543030,Sword and Fairy 7,软星科技(SoftStarlight),"方块游戏(CubeGame), 软星科技(SoftStarlight)",13296,5058,0,750000.0,0,0,0,0,2999,2999,0,68
351470,Sometimes: Success Requires Sacrifice,Volens Nolens Games,Volens Nolens Games,430,172,0,750000.0,0,0,0,0,0,0,0,1
17450,Dragon Age: Origins,BioWare,Electronic Arts,9656,870,0,750000.0,0,0,0,0,2999,2999,0,7
1084600,My Time at Sandrock,Pathea Games,"Pathea Games, Focus Entertainment, PM Studios, Inc., DMM Games",23218,3065,0,750000.0,0,0,0,0,3999,3999,0,1501
677120,Heroes of Hammerwatch,Crackshell,Team17,8061,1123,0,750000.0,0,0,0,0,1499,1499,0,50
960910,Heavy Rain,Quantic Dream,Quantic Dream,16745,2962,0,750000.0,0,0,0,0,1999,1999,0,199
367450,Poly Bridge,Dry Cactus,Dry Cactus,16075,1509,0,750000.0,0,0,0,0,99,999,90,66
1025580,Vainglory,Super Evil Megacorp,Super Evil Megacorp,2734,1435,0,750000.0,0,0,0,0,0,0,0,0
388090,Five Nights at Freddy's 4,Scott Cawthon,Scott Cawthon,13686,1065,0,750000.0,0,0,0,0,799,799,0,22
3990,Civilization IV: Warlords,Firaxis Games,2K,442,44,0,750000.0,0,0,0,0,499,499,0,144
2138710,Sifu,Sloclap,"Sloclap, Kepler Interactive",19536,1593,0,750000.0,0,0,0,0,999,3999,75,394
489520,Minion Masters,BetaDwarf,BetaDwarf,58108,6797,0,750000.0,0,0,0,0,0,0,0,310
1549180,Propnight,FNTASTIC,Mytona Fntastic,13055,7234,0,750000.0,0,0,0,0,0,0,0,1
1659420,UNCHARTED: Legacy of Thieves Collection,"Naughty Dog LLC, Iron Galaxy Studios",PlayStation Publishing LLC,26740,2949,0,750000.0,0,0,0,0,4999,4999,0,467
704450,Neverwinter Nights: Enhanced Edition,Beamdog,Beamdog,7717,850,0,750000.0,0,0,0,0,1999,1999,0,753
1949190,Necrosmith,Alawar,Alawar,4375,719,0,750000.0,0,0,0,0,119,299,60,9
690830,Foundation,Polymorph Games,Polymorph Games,17195,2937,0,750000.0,0,0,0,0,3499,3499,0,844
1361000,In Silence,Ravenhood Games,Ravenhood Games,8945,2850,0,750000.0,0,0,0,0,999,999,0,26
650700,Yume Nikki,kikiyama,PLAYISM,8120,509,0,750000.0,0,0,0,0,0,0,0,36
323910,SteamVR Performance Test,Valve,DNVR Prod,4129,1265,0,750000.0,0,0,0,0,0,0,0,16
211600,Thief Gold (1999),Looking Glass Studios,Eidos Interactive Corp.,3567,295,0,750000.0,0,0,0,0,699,699,0,19
386070,Planetary Annihilation: TITANS,Planetary Annihilation Inc,Planetary Annihilation Inc,11976,2149,0,750000.0,0,0,0,0,2999,2999,0,102
1336490,Against the Storm,Eremite Games,Hooded Horse,29837,1575,0,750000.0,0,0,0,0,2999,2999,0,958
201230,EverQuest II,Darkpaw Games,Daybreak Game Company,2150,554,0,750000.0,0,0,0,0,0,0,0,143
230230,Divinity: Original Sin (Classic),Larian Studios,Larian Studios,10798,987,0,750000.0,0,0,0,0,3999,3999,0,13
238260,Pinball Arcade,FarSight Studios,FarSight Studios,3002,1078,0,750000.0,0,0,0,0,0,0,0,27
1850740,Ghost Watchers,Renderise,Renderise,13093,2058,0,750000.0,0,0,0,0,1499,1499,0,95
1149460,ICARUS,RocketWerkz,RocketWerkz,34070,13002,0,750000.0,0,0,0,0,3499,3499,0,1492
391070,Stellar 2D,quad games,Back To Basics Gaming,393,575,0,750000.0,0,0,0,0,199,199,0,0
1009850,OVR Advanced Settings,OVRAS Team,OVRAS Team,4200,345,0,750000.0,0,0,0,0,799,799,0,3358
838380,DEAD OR ALIVE 6,"KOEI TECMO GAMES CO., LTD.","KOEI TECMO GAMES CO., LTD.",6975,2340,0,750000.0,0,0,0,0,5999,5999,0,63
1207650,Suzerain,Torpor Games,Torpor Games,8658,608,0,750000.0,0,0,0,0,599,1999,70,258
203750,Binary Domain,Devil's Details,SEGA,6594,1107,0,750000.0,0,0,0,0,1499,1499,0,8
835860,Dreadnought,"Six Foot, YAGER","Grey Box, Six Foot",4450,2090,0,750000.0,0,0,0,0,0,0,0,0
2408820,Luma Island,Feel Free Games,Feel Free Games,7995,1538,0,750000.0,0,0,0,0,1999,1999,0,487
1669000,Age of Wonders 4,Triumph Studios,Paradox Interactive,14901,3350,0,750000.0,0,0,0,0,4999,4999,0,1707
970830,The Dungeon Of Naheulbeuk: The Amulet Of Chaos,Artefacts Studio,"Dear Villagers, E-Home Entertainment",6538,931,0,750000.0,0,0,0,0,524,3499,85,99
368360,60 Seconds!,Robot Gentleman,Robot Gentleman,9749,1768,0,750000.0,0,0,0,0,899,899,0,27
512470,The Pirate: Caribbean Hunt,Home Net Games,Home Net Games,3659,781,0,750000.0,0,0,0,0,0,0,0,20
1692250,F1 22,Codemasters,Electronic Arts,17694,8046,0,750000.0,0,0,0,0,0,0,0,234
376210,The Isle,Afterthought LLC,Afterthought LLC,77185,17619,0,750000.0,0,0,0,0,1999,1999,0,5946
374280,Hired Ops,Absolut Soft LLC,Panomix Studio,10532,5109,0,750000.0,0,0,0,0,0,0,0,108
476620,Call of Duty: WWII,"Sledgehammer Games, Raven Software",Activision,11394,8523,0,750000.0,0,0,0,0,5999,5999,0,75
1133060,Anarchy: Wolf's law,Anarchy Games,Anarchy Games,595,159,0,750000.0,0,0,0,0,149,499,70,3
253030,Race The Sun,Flippfly LLC,Flippfly LLC,5895,401,0,750000.0,0,0,0,0,999,999,0,6
985890,Streets of Rage 4,"Dotemu, Guard Crush, Lizardcube",Dotemu,16617,1298,0,750000.0,0,0,0,0,2499,2499,0,72
212800,Super Crate Box,Vlambeer,Vlambeer,5770,716,0,750000.0,0,0,0,0,0,0,0,8
28000,Kane & Lynch 2: Dog Days,IO Interactive,Square Enix,5816,3061,0,750000.0,0,0,0,0,999,999,0,11
1030210,Torchlight III,Echtra Inc.,XD,5225,6005,0,750000.0,0,0,0,0,3999,3999,0,44
488860,MADNESS: Project Nexus,"GIBBING TREE, LLC","GIBBING TREE, LLC",15360,438,0,750000.0,0,0,0,0,2499,2499,0,190
468920,Ultimate Fishing Simulator,"Pancake Games, Bit Golem",Ultimate Games S.A.,7014,803,0,750000.0,0,0,0,0,1999,1999,0,37
394230,Battleborn,Gearbox Software,2K,6079,3649,0,750000.0,0,0,0,0,0,0,0,1
375230,"Warhammer 40,000: Eternal Crusade",Behaviour Interactive Inc.,Behaviour Interactive Inc.,6274,6280,0,750000.0,0,0,0,0,0,0,0,0
1693980,Dead Space,Motive,Electronic Arts,46485,4774,0,750000.0,0,0,0,0,1499,5999,75,313
1971870,Mortal Kombat 1,"NetherRealm Studios, QLOC",Warner Bros. Games,25879,11246,0,750000.0,0,0,0,0,999,4999,80,1149
1432860,Sun Haven,Pixel Sprout Studios,Pixel Sprout Studios,18523,3933,0,750000.0,0,0,0,0,874,2499,65,653
1249800,Xuan-Yuan Sword VII,"SOFTSTAR, DOMO Studio","SOFTSTAR, Yooreka Studio",5949,3535,0,750000.0,0,0,0,0,3499,3499,0,4
1388880,Doki Doki Literature Club Plus!,Team Salvato,Serenity Forge,26680,859,0,750000.0,0,0,0,0,1499,1499,0,76
1674470,ELYON,"Bluehole Studio, Inc.",Kakao Games Europe B.V.,2375,2014,0,750000.0,0,0,0,0,0,0,0,0
39190,Dungeon Siege,Gas Powered Games,Square Enix,3217,724,0,750000.0,0,0,0,0,699,699,0,32
228300,Remember Me,DONTNOD Entertainment,Capcom,13365,2732,0,750000.0,0,0,0,0,2999,2999,0,17
569610,Distant Space,PixelMouse,PixelMouse,317,82,0,750000.0,0,0,0,0,99,99,0,1
343270,Disillusions Manga Horror,StephenAllen,StephenAllen,319,218,0,750000.0,0,0,0,0,199,199,0,0
234330,MARVEL Puzzle Quest,Broken Circle Studios,505 Go Inc,3068,1319,0,750000.0,0,0,0,0,0,0,0,271
814540,Changed,DragonSnow,DragonSnow,14935,2269,0,750000.0,0,0,0,0,499,499,0,31
1209040,Cyber Hunter,NetEase Games,NetEase Games,7919,3017,0,750000.0,0,0,0,0,0,0,0,1
242640,Styx: Master of Shadows,Cyanide Studio,"Cyanide Studio, Nacon",8795,1795,0,750000.0,0,0,0,0,199,1999,90,37
813630,Supraland,Supra Games,Supra Games,12526,628,0,750000.0,0,0,0,0,1999,1999,0,103
1397920,Mr.Mine,Playsaurus,Playsaurus,15826,1390,0,750000.0,0,0,0,0,0,0,0,914
205710,EverQuest,Darkpaw Games,Daybreak Game Company,1938,465,0,750000.0,0,0,0,0,0,0,0,456
414530,Skyforge,Innova Co SARL,Innova Co SARL,2589,1746,0,750000.0,0,0,0,0,0,0,0,20
217750,Age of Conan: Unchained,Funcom,Funcom,1901,840,0,750000.0,0,0,0,0,0,0,0,42
711810,Never Split the Party,Legend Studio,Legend Studio,3326,1029,0,750000.0,0,0,0,0,0,0,0,12
1105670,The Last Spell,Ishtar Games,"Nacon, The Arcade Crew, Gamera Games, DANGEN Entertainment",10557,939,0,750000.0,0,0,0,0,2499,2499,0,424
298260,Only If,Creability,Creability,3699,2246,0,750000.0,0,0,0,0,0,0,0,2
2141730,Backrooms: Escape Together,Triiodide Studios,Triiodide Studios,19915,2854,0,750000.0,0,0,0,0,999,999,0,569
1451190,Undisputed,Steel City Interactive,Deep Silver,12158,7191,0,750000.0,0,0,0,0,4999,4999,0,503
40390,Risen 2: Dark Waters,Piranha Bytes,THQ Nordic,5082,1275,0,750000.0,0,0,0,0,999,999,0,32
91330,Iron Front: Digital War Edition,"X1 Software, AWAR",Deep Silver,503,348,0,750000.0,0,0,0,0,1499,1499,0,0
839200,SpedV,Freie Programme Hohenstein,Freie Programme Hohenstein,720,205,0,750000.0,0,0,0,0,0,0,0,51
287980,Mini Metro,Dinosaur Polo Club,Dinosaur Polo Club,15064,608,0,750000.0,0,0,0,0,999,999,0,119
1088710,Yakuza 3 Remastered,Ryu Ga Gotoku Studio,SEGA,7364,1767,0,750000.0,0,0,0,0,1999,1999,0,101
2427700,Backpack Battles,PlayWithFurcifer,"IndieArk, Shochiku (Japan)",13410,1370,0,750000.0,0,0,0,0,1199,1499,20,1806
760060,Mutant Year Zero: Road to Eden,The Bearded Ladies,Funcom,18032,1896,0,750000.0,0,0,0,0,3499,3499,0,63
359800,Copa Petrobras de Marcas,Reiza Studios,Reiza Studios,1860,932,0,750000.0,0,0,0,0,0,0,0,20
1003590,Tetris Effect: Connected,"Monstars Inc., Resonair, Stage Games",Enhance,7528,404,0,750000.0,0,0,0,0,3999,3999,0,99
1989270,Slay the Princess — The Pristine Cut,Black Tabby Games,"Black Tabby Games, Serenity Forge",23265,698,0,750000.0,0,0,0,0,989,1799,45,134
12830,Operation Flashpoint: Dragon Rising,Codemasters,"Codemasters, Electronic Arts",1676,751,0,750000.0,0,0,0,0,0,0,0,5
731040,The Invincible,Starward Industries,11 bit studios,6306,821,0,750000.0,0,0,0,0,1049,2999,65,22
545110,Driver Booster 4 for Steam,IObit,IObit,631,201,0,750000.0,0,0,0,0,0,0,0,2
297130,Titan Souls,Acid Nerve,Devolver Digital,10347,2766,0,750000.0,0,0,0,0,149,1499,90,23
7520,Two Worlds II HD,Reality Pump Studios,"Topware Interactive, ACE",4224,2476,0,750000.0,0,0,0,0,749,2499,70,27
885970,Total War: ROME REMASTERED,"Creative Assembly, Feral Interactive",SEGA,9102,2860,0,750000.0,0,0,0,0,2999,2999,0,764
1359090,Zero Hour,AttritoM7 Productions,AttritoM7 Productions,24924,6706,0,750000.0,0,0,0,0,999,999,0,75
895870,Project Wingman,Sector D2,"Sector D2, Balor Games",18028,1189,0,750000.0,0,0,0,0,2499,2499,0,96
1233570,Mirror's Edge Catalyst,DICE,Electronic Arts,12334,2963,0,750000.0,0,0,0,0,1999,1999,0,39
305050,Outland,Housemarque,Housemarque,3165,770,0,750000.0,0,0,0,0,0,0,0,0
249230,Risen 3 - Titan Lords,Piranha Bytes,THQ Nordic,4553,1560,0,750000.0,0,0,0,0,1499,1499,0,46
847370,Sunset Overdrive,"Insomniac Games, Blind Squirrel Games",Xbox Game Studios,11638,1261,0,750000.0,0,0,0,0,1999,1999,0,73
241540,State of Decay,Undead Labs,Xbox Game Studios,14817,2711,0,750000.0,0,0,0,0,0,0,0,7
1592190,BONELAB,Stress Level Zero,Stress Level Zero,12888,3393,0,750000.0,0,0,0,0,3999,3999,0,173
1372640,Candle In Darkness,"Shub-Niggurath Games, ShopaLover",ShopaLover,6,2,0,750000.0,0,0,0,0,499,499,0,0
1333350,Angel Legion,Shanghai SilverMoon Network Technology Co.Ltd,Shanghai SilverMoon Network Technology Co.Ltd,9717,1727,0,750000.0,0,0,0,0,0,0,0,450
2700,RollerCoaster Tycoon 3: Platinum,"Frontier, Aspyr (Mac)","Frontier, Aspyr (Mac)",4754,425,0,750000.0,0,0,0,0,0,0,0,32
342180,Arizona Sunshine VR Legacy,"Vertigo Games, Jaywalkers Interactive",Vertigo Games,7354,1911,0,750000.0,0,0,0,0,1499,1499,0,29
485310,Head Shot,Indie Game Group,Indie Game Group,968,852,0,750000.0,0,0,0,0,699,699,0,0
206190,Gunpoint,Suspicious Developments,Suspicious Developments,12770,323,0,750000.0,0,0,0,0,999,999,0,11
439350,Kritika:REBOOT,"ALLM Co., Ltd.","ALLM Co., Ltd.",3478,1074,0,750000.0,0,0,0,0,0,0,0,0
609320,FAR: Lone Sails,Okomotive,Okomotive,21211,1104,0,750000.0,0,0,0,0,1499,1499,0,112
1288310,Firework,Shiying Studio,Gamirror Games,40672,886,0,750000.0,0,0,0,0,999,999,0,40
264200,One Finger Death Punch,Silver Dollar Games,Silver Dollar Games,15955,336,0,750000.0,0,0,0,0,499,499,0,9
427410,Abiotic Factor,Deep Field Games,Playstack,30157,1117,0,750000.0,0,0,0,0,3499,3499,0,1458
1948280,Stacklands,Sokpop Collective,Sokpop Collective,0,0,0,750000.0,0,0,0,0,799,799,0,347
1881700,Undawn,Lightspeed Studios,Level Infinite,3439,2906,0,750000.0,0,0,0,0,0,0,0,451
24790,Command & Conquer 3: Tiberium Wars,EA Los Angeles,Electronic Arts,7649,848,0,750000.0,0,0,0,0,1988,1988,0,276
673610,Airport CEO,Apog Labs,Apog Labs,6433,1251,0,750000.0,0,0,0,0,2499,2499,0,182
1120810,Eastern Exorcist,Wildfire Game（无锡野火数字科技有限公司）,Wildfire Game（无锡野火数字科技有限公司）,5497,993,0,750000.0,0,0,0,0,1799,1799,0,6
1390350,Webbed,Sbug Games,Sbug Games,13512,326,0,750000.0,0,0,0,0,999,999,0,23
1010750,Blood Fresh Supply,"Nightdive Studios, Monolith Productions",Atari,6775,305,0,750000.0,0,0,0,0,999,999,0,40
1469280,SuchArt: Creative Space,Goose Minded,HypeTrain Digital,6872,144,0,750000.0,0,0,0,0,0,0,0,16
620590,Ancestors Legacy,Destructive Creations,Destructive Creations,6597,1776,0,750000.0,0,0,0,0,3499,3499,0,34
331470,Everlasting Summer,Soviet Games,Soviet Games,71592,3922,0,750000.0,0,0,0,0,0,0,0,318
529180,Dark and Light,Snail Games USA,Snail Games USA,6133,5557,0,750000.0,0,0,0,0,1799,1799,0,35
2208920,Assassin's Creed Valhalla,Ubisoft Montreal,Ubisoft,21554,9420,0,750000.0,0,0,0,0,5999,5999,0,1379
1178490,港詭實錄ParanormalHK,Ghostpie Studio,"Ghostpie Studio, Gamera Games",17056,1889,0,750000.0,0,0,0,0,1299,1299,0,170
1449690,The Walking Dead: The Telltale Definitive Series,Skybound Games,Skybound Games,29969,1072,0,750000.0,0,0,0,0,4999,4999,0,677
2406770,Bodycam,Reissad Studio,Reissad Studio,25297,8507,0,750000.0,0,0,0,0,3332,3332,0,422
428950,"Kivi, Toilet and Shotgun",16bit Nights,Back To Basics Gaming,261,244,0,750000.0,0,0,0,0,199,199,0,0
891040,Pool 2D - Poolians,Poolians.com,Poolians.com,8222,1216,0,750000.0,0,0,0,0,0,0,0,262
390670,Steel Ocean,Changyou.com Limited,Changyou.com Limited,3086,1381,0,750000.0,0,0,0,0,0,0,0,0
519190,Next Day: Survival,SOFF Games,Last Level,6433,3857,0,750000.0,0,0,0,0,999,999,0,3
321360,Primal Carnage: Extinction,"Circle Five Studios, Pub Games",Circle Five Publishing,7689,1548,0,750000.0,0,0,0,0,1299,1299,0,34
606880,GreedFall,Spiders,Focus Entertainment,15429,4673,0,750000.0,0,0,0,0,349,3499,90,69
690510,Immortal Soul: Black Survival,Nimble Neuron,"Nimble Neuron, Boltrend Global PTE.LTD",4410,974,0,750000.0,0,0,0,0,0,0,0,1
237850,Dreamfall Chapters,Red Thread Games,Red Thread Games,3664,776,0,750000.0,0,0,0,0,2499,2499,0,6
724970,神舞幻想 Faith of Danschant,北京九鳳信息科技有限公司,北京网元圣唐娱乐科技有限公司,2904,1887,0,750000.0,0,0,0,0,1199,2999,60,8
1147690,NGU IDLE,4G,4G,11564,504,0,750000.0,0,0,0,0,0,0,0,3382
45760,Ultra Street Fighter IV,Capcom,Capcom,14173,1536,0,750000.0,0,0,0,0,389,2999,87,188
274920,FaceRig,Holotech Studios,Holotech Studios,6767,1622,0,750000.0,0,0,0,0,0,0,0,105
212200,Mabinogi,NEXON Korea Corporation,Nexon America Inc.,2932,1044,0,750000.0,0,0,0,0,0,0,0,559
638230,Journey,thatgamecompany,Annapurna Interactive,32549,1963,0,750000.0,0,0,0,0,1499,1499,0,60
359840,Shift Happens,Klonk Games,Daedalic Entertainment,3192,861,0,750000.0,0,0,0,0,159,1599,90,16
1970580,Backpack Hero,Jaspel,"Pretty Soon, IndieArk",6744,948,0,750000.0,0,0,0,0,1999,1999,0,248
798420,Professional Fishing,MasterCode,Ultimate Games S.A.,3073,923,0,750000.0,0,0,0,0,0,0,0,38
1017900,Age of Empires: Definitive Edition,"World's Edge, Forgotten Empires, Tantalus",Xbox Game Studios,11700,2240,0,750000.0,0,0,0,0,1999,1999,0,559
370240,NBA 2K16,Visual Concepts,2K,3817,3556,0,750000.0,0,0,0,0,0,0,0,30
257730,Infinity Wars: Animated Trading Card Game,Lightmare Studios,Lightmare Studios,2675,792,0,750000.0,0,0,0,0,0,0,0,10
1015500,WWE 2K20,Visual Concepts,2K,2517,3384,0,750000.0,0,0,0,0,0,0,0,4
1898300,ASKA,Sand Sailor Studio,Thunderful Publishing,5660,1415,0,750000.0,0,0,0,0,1999,2499,20,701
327030,Worms W.M.D,Team17,Team17,10843,1818,0,750000.0,0,0,0,0,599,2999,80,181
337950,The SKIES - BETA,Eforb,Eforb,1655,2288,0,750000.0,0,0,0,0,0,0,0,0
446150,GUNS UP!,"Valkyrie Entertainment, LLC",PlayStation PC LLC,4993,1679,0,750000.0,0,0,0,0,0,0,0,0
508290,$1 Ride,BeHappy Studios,Back To Basics Gaming,460,488,0,750000.0,0,0,0,0,199,199,0,0
1127500,Mini Motorways,Dinosaur Polo Club,Dinosaur Polo Club,20615,817,0,750000.0,0,0,0,0,999,999,0,328
346940,Shadowrun: Hong Kong - Extended Edition,Harebrained Schemes,Paradox Interactive,4030,614,0,750000.0,0,0,0,0,1999,1999,0,25
331600,One Piece Pirate Warriors 3,"KOEI TECMO GAMES CO., LTD.",BANDAI NAMCO Entertainment,8187,2165,0,750000.0,0,0,0,0,399,3999,90,32
48240,Anno 2070,"Blue Byte, Related Designs",Ubisoft,7469,4897,0,750000.0,0,0,0,0,1799,1999,10,60
8000,Tomb Raider: Anniversary,Crystal Dynamics,Crystal Dynamics,5488,1196,0,750000.0,0,0,0,0,899,899,0,29
400630,Wuppo: Definitive Edition,snekflat,snekflat,5420,319,0,750000.0,0,0,0,0,1499,1499,0,5
247430,Hitman: Contracts,Io-Interactive A/S,Io-Interactive A/S,2680,406,0,750000.0,0,0,0,0,899,899,0,10
418340,RWBY: Grimm Eclipse,"Rooster Teeth Games, FarBridge",FarBridge,9344,2209,0,750000.0,0,0,0,0,1339,1999,33,4
212480,Sonic & All-Stars Racing Transformed Collection,Sumo Digital,SEGA,16039,1104,0,750000.0,0,0,0,0,1999,1999,0,41
1436930,Temple of Apshai Trilogy,"Epyx, Inc.",Pixel Games UK,8,6,0,750000.0,0,0,0,0,399,399,0,0
453820,Hero Quest: Tower Conflict,Mihai Morosanu,New Reality Games,100,231,0,750000.0,0,0,0,0,199,199,0,0
466910,Worm.is: The Game,Freakinware Studios,Freakinware Studios,3734,890,0,750000.0,0,0,0,0,0,0,0,8
2103140,Magicraft,Wave Games,bilibili,12485,1048,0,750000.0,0,0,0,0,1599,1599,0,600
348250,Google Earth VR,Google,Google,3736,224,0,750000.0,0,0,0,0,0,0,0,21
317470,Cubic Castles,Cosmic Cow LLC,Cosmic Cow LLC,3172,1108,0,750000.0,0,0,0,0,0,0,0,22
214170,Divine Divinity,Larian Studios,Larian Studios,3106,426,0,750000.0,0,0,0,0,599,599,0,16
1644960,NBA 2K22,Visual Concepts,2K,22503,16590,0,750000.0,0,0,0,0,0,0,0,443
1341290,We Were Here Forever,Total Mayhem Games,Total Mayhem Games,14823,1384,0,750000.0,0,0,0,0,719,1799,60,183
330840,Game of Thrones - A Telltale Games Series,Telltale Games,Telltale Games,8030,2559,0,750000.0,0,0,0,0,0,0,0,1
567630,Blood of Steel,YC Games,YC Games,5132,1646,0,750000.0,0,0,0,0,0,0,0,110
3244220,A Game About Digging A Hole,DoubleBee,"rokaplay select, Drillhounds",12737,1492,0,750000.0,0,0,0,0,499,499,0,248
1040200,Crime Scene Cleaner,President Studio,"President Studio, PlayWay S.A.",21567,451,0,750000.0,0,0,0,0,2999,2999,0,596
263060,Blockstorm,GhostShark,IndieGala,5099,1275,0,750000.0,0,0,0,0,0,0,0,0
511800,ONRAID,Pragmatix Ltd,Pragmatix Ltd,1335,441,0,750000.0,0,0,0,0,0,0,0,0
324810,TOXIKK,Reakktor Studios,Schwiezer System GmbH,4485,1326,0,750000.0,0,0,0,0,0,0,0,67
1584090,Touhou Mystia's Izakaya,"二色幽紫蝶, Re零同人社","二色幽紫蝶, Re零同人社",27672,577,0,750000.0,0,0,0,0,599,599,0,852
806140,Achievements printer,Easy game,Game for people,967,206,0,750000.0,0,0,0,0,99,99,0,4
528670,Elems,Fifth Dimension Company,Fifth Dimension Company,24,16,0,750000.0,0,0,0,0,99,99,0,0
1601580,Frostpunk 2,11 bit studios,11 bit studios,16477,5151,0,750000.0,0,0,0,0,2249,4499,50,525
393420,Hurtworld,Bankroll Studios,Bankroll Studios,23689,7469,0,750000.0,0,0,0,0,2499,2499,0,20
1267910,Melvor Idle,Games by Malcs,Jagex Ltd,13146,1392,0,750000.0,0,0,0,0,999,999,0,4551
356310,METAL SLUG DEFENSE,SNK CORPORATION,SNK CORPORATION,1166,929,0,750000.0,0,0,0,0,0,0,0,9
48220,Might & Magic: Heroes VI,Blackhole,Ubisoft,4234,4656,0,750000.0,0,0,0,0,999,999,0,111
207170,Legend of Grimrock,Almost Human Games,Almost Human Games,5995,406,0,750000.0,0,0,0,0,1499,1499,0,8
20530,Red Faction,Volition,Deep Silver,2404,376,0,750000.0,0,0,0,0,999,999,0,4
40300,Risen,"Piranha Bytes, THQ Nordic",THQ Nordic,8736,1104,0,750000.0,0,0,0,0,1499,1499,0,49
263540,Villagers and Heroes,Mad Otter Games,Mad Otter Games,2052,1309,0,750000.0,0,0,0,0,0,0,0,33
2290180,Riders Republic,"Ubisoft Annecy, Ubisoft Belgrade, Ubisoft Kyiv, Ubisoft Pune, Ubisoft Odesa",Ubisoft Entertainment,16364,3147,0,750000.0,0,0,0,0,399,3999,90,171
215830,Closers,Naddic Games,Naddic Games,3297,1214,0,750000.0,0,0,0,0,0,0,0,17
385800,NEKOPARA Vol. 0,NEKO WORKs,Sekai Project,16447,1078,0,750000.0,0,0,0,0,299,299,0,20
462930,AdVenture Communist,Hyper Hippo Games,Hyper Hippo Games,3017,1620,0,750000.0,0,0,0,0,0,0,0,36
237990,The Banner Saga,Stoic,Stoic Studio,13812,1711,0,750000.0,0,0,0,0,2499,2499,0,24
32380,STAR WARS Jedi Knight: Dark Forces II,LucasArts,"LucasArts, Lucasfilm, Disney",1675,416,0,750000.0,0,0,0,0,599,599,0,14
427190,DEAD RISING,Capcom,Capcom,5942,799,0,750000.0,0,0,0,0,999,999,0,40
1301210,Knockout City,Velan Studios,Velan Studios,7196,1224,0,750000.0,0,0,0,0,0,0,0,0
294860,Valkyria Chronicles,SEGA,SEGA,11613,1263,0,750000.0,0,0,0,0,1999,1999,0,37
25000,Overgrowth,Wolfire Games,Wolfire Games,6876,1687,0,750000.0,0,0,0,0,1999,1999,0,28
2198150,Tiny Glade,Pounce Light,Pounce Light,19362,483,0,750000.0,0,0,0,0,1499,1499,0,291
746850,Cloudpunk,ION LANDS,"ION LANDS, Maple Whispering Limited",12760,1751,0,750000.0,0,0,0,0,1999,1999,0,15
6020,STAR WARS Jedi Knight - Jedi Academy,Raven Software,"LucasArts, Lucasfilm, Disney",12746,524,0,750000.0,0,0,0,0,999,999,0,138
743450,Monster Prom,Beautiful Glitch,"Xelu, Those Awesome Guys",13052,946,0,750000.0,0,0,0,0,239,1199,80,68
607050,Wargroove,Chucklefish,Chucklefish,4255,866,0,750000.0,0,0,0,0,799,1999,60,15
610370,Desperados III,Mimimi Games,THQ Nordic,14055,485,0,750000.0,0,0,0,0,3999,3999,0,116
24740,Burnout Paradise: The Ultimate Box,Criterion Games,Electronic Arts,11675,1711,0,750000.0,0,0,0,0,0,0,0,16
1512530,极限求生,陈 世杰,陈 世杰,10,10,0,750000.0,0,0,0,0,0,0,0,0
16450,F.E.A.R. 2: Project Origin,Monolith,"Warner Bros. Games, Warner Bros. Interactive Entertainment",7280,1269,0,750000.0,0,0,0,0,1499,1499,0,41
24720,SPORE Galactic Adventures,EA - Maxis,Electronic Arts,6439,791,0,750000.0,0,0,0,0,1999,1999,0,136
211160,Viking: Battle for Asgard,"Creative Assembly, PC Port - Hardlight",SEGA,1144,1163,0,750000.0,0,0,0,0,1499,1499,0,5
17500,Zombie Panic! Source,Zombie Panic! Team,Zombie Panic! Team,6541,1185,0,750000.0,0,0,0,0,0,0,0,13
21000,LEGO Batman: The Videogame,Traveller's Tales,Warner Bros. Interactive Entertainment,11083,1296,0,750000.0,0,0,0,0,299,1999,85,118
537800,Bomber Crew,Runner Duck,Curve Games,12925,1812,0,750000.0,0,0,0,0,239,1599,85,60
546050,Puyo PuyoTetris,"Sonic Team, Bitbaboon",SEGA,4654,865,0,750000.0,0,0,0,0,1999,1999,0,32
115800,Owlboy,D-Pad Studio,D-Pad Studio,4918,956,0,750000.0,0,0,0,0,1999,1999,0,7
7510,X-Blades,Gaijin Entertainment,Topware Interactive,1948,1225,0,750000.0,0,0,0,0,649,1299,50,132
58610,Wargame: European Escalation,Eugen Systems,Eugen Systems,2591,730,0,750000.0,0,0,0,0,249,999,75,8
564710,Soda Dungeon,"AN Productions, Poxpower",Armor Games Studios,5814,350,0,750000.0,0,0,0,0,0,0,0,72
405310,LEGO MARVEL's Avengers,"Traveller's Tales, TT Games, Feral Interactive (Mac)","Warner Bros. Interactive Entertainment, Feral Interactive (Mac)",6950,940,0,750000.0,0,0,0,0,399,1999,80,97
716350,Reign of Guilds,Atlant Games ltd,Atlant Games ltd,519,313,0,750000.0,0,0,0,0,0,0,0,8
268850,EVGA Precision X1,EVGA,EVGA,3806,934,0,750000.0,0,0,0,0,0,0,0,494
641320,Cooking Simulator,Big Cheese Studio,Big Cheese Studio,15767,2840,0,750000.0,0,0,0,0,499,1999,75,74
107300,Breath of Death VII,Zeboyd Digital Entertainment LLC,Zeboyd Digital Entertainment LLC,1192,231,0,750000.0,0,0,0,0,299,299,0,0
1013320,Firestone: Online Idle RPG,Holyday Studios,Holyday Studios,4891,1401,0,750000.0,0,0,0,0,0,0,0,1785
1647160,Deepest Sword,Cosmic Adventure Squad,Cosmic Adventure Squad,9064,1360,0,750000.0,0,0,0,0,0,0,0,15
1102190,Monster Train,Shiny Shoe,Good Shepherd Entertainment,20995,873,0,750000.0,0,0,0,0,2499,2499,0,595
895400,Deadside,Bad Pixel,"Bad Pixel, tinyBuild",29504,9077,0,750000.0,0,0,0,0,2499,2499,0,698
506610,Five Nights at Freddy's: Sister Location,Scott Cawthon,Scott Cawthon,10566,1099,0,750000.0,0,0,0,0,799,799,0,30
218640,Lucius,Shiver Games,Shiver Games,8528,1987,0,750000.0,0,0,0,0,999,999,0,20
99300,Renegade Ops,Avalanche Studios,SEGA,2374,412,0,750000.0,0,0,0,0,1500,1500,0,0
332570,Amazing Frog?,Fayju,Fayju,10189,648,0,750000.0,0,0,0,0,1999,1999,0,65
255520,Viscera Cleanup Detail: Shadow Warrior,RuneStorm,Devolver Digital,3572,862,0,750000.0,0,0,0,0,2999,2999,0,3
384300,CPUCores :: Maximize Your FPS,Smorb Software,Smorb Software,8507,3404,0,750000.0,0,0,0,0,1699,1699,0,98
22100,Mount & Blade,TaleWorlds Entertainment,TaleWorlds Entertainment,5934,498,0,750000.0,0,0,0,0,999,999,0,51
225420,Cities in Motion 2,Colossal Order,Paradox Interactive,1432,1051,0,750000.0,0,0,0,0,499,1999,75,11
221680,Rocksmith 2014 Edition REMASTERED LEARN & PLAY,"Ubisoft - San Francisco, Ubisoft - Osaka",Ubisoft,21217,2633,0,750000.0,0,0,0,0,999,999,0,683
694280,Zombie Army 4: Dead War,Rebellion,Rebellion,7974,1299,0,750000.0,0,0,0,0,4999,4999,0,431
396750,EVERSPACE,ROCKFISH Games,ROCKFISH Games,8668,2352,0,750000.0,0,0,0,0,1999,1999,0,44
493540,Figment,Bedtime Digital Games,Bedtime Digital Games,4610,674,0,750000.0,0,0,0,0,1999,1999,0,4
320240,We Happy Few,Compulsion Games,"Gearbox Publishing,  Xbox Game Studios",10225,3102,0,750000.0,0,0,0,0,5999,5999,0,57
551170,Onmyoji,NetEase Games,NetEase Games,2474,539,0,750000.0,0,0,0,0,0,0,0,412
1911390,Knightfall: A Daring Journey,Landfall,Landfall,6909,828,0,750000.0,0,0,0,0,0,0,0,8
503820,A Detective's Novel,Amaterasu Software,Amaterasu Software,599,283,0,750000.0,0,0,0,0,199,199,0,0
1372280,MELTY BLOOD: TYPE LUMINA,"FRENCH-BREAD, TYPE-MOON, Lasengle Inc., TAMSOFT CORPORATION, GameLoop Inc.",Lasengle Inc.,8484,1118,0,750000.0,0,0,0,0,1499,4999,70,42
412830,STEINS;GATE,MAGES. Inc.,"Spike Chunsoft Co., Ltd.",20531,547,0,750000.0,0,0,0,0,2999,2999,0,157
71340,Sonic Generations Collection,Devil's Details,SEGA,23609,1623,0,750000.0,0,0,0,0,5179,5179,0,35
402570,Atlas Reactor,Trion Worlds,Trion Worlds,4407,873,0,750000.0,0,0,0,0,0,0,0,1
248390,Craft The World,"Dekovir Entertainment, Sibear Games",Dekovir Ltd,14118,1834,0,750000.0,0,0,0,0,1899,1899,0,303
905640,Combat Arms: Reloaded,"VALOFE, NEXON",VALOFE,1650,1329,0,750000.0,0,0,0,0,0,0,0,18
239070,Hammerwatch,Crackshell,Team17,5754,681,0,750000.0,0,0,0,0,999,999,0,5
1139980,Travellers Rest,Isolated Games,"Isolated Games, IndieArk",12297,1603,0,750000.0,0,0,0,0,1799,1799,0,990
2239150,Thronefall,"GrizzlyGames, Mythwright",Mythwright,19846,698,0,750000.0,0,0,0,0,1299,1299,0,373
1241510,The Test,Randumb Studios,Randumb Studios,19334,620,0,750000.0,0,0,0,0,199,199,0,3
1340020,Aster Fpv Drone Simulator,Emmanuel Perrillon,Emmanuel Perrillon,9,4,0,750000.0,0,0,0,0,1999,1999,0,0
300550,Shadowrun: Dragonfall - Director's Cut,Harebrained Schemes,Paradox Interactive,5652,661,0,750000.0,0,0,0,0,1499,1499,0,33
204030,Fable - The Lost Chapters,Lionhead Studios,Xbox Game Studios,7152,586,0,750000.0,0,0,0,0,999,999,0,30
329000,Data Hacker: Corruption,New Reality Games,New Reality Games,67,71,0,750000.0,0,0,0,0,199,199,0,0
605740,"Flashing Lights - Police, Firefighting, Emergency Services (EMS) Simulator",Nils Jakrins,Excalibur Games,13686,3277,0,750000.0,0,0,0,0,2499,2499,0,311
2027330,GoreBox,F2Games,F2Games,13136,1368,0,750000.0,0,0,0,0,899,899,0,509
1715130,Crysis Remastered,Crytek,Crytek,9972,3146,0,750000.0,0,0,0,0,2999,2999,0,83
1649240,Returnal,"Housemarque, Climax Studios",PlayStation Publishing LLC,6925,1521,0,750000.0,0,0,0,0,5999,5999,0,84
866800,The Walking Dead: The Final Season,Telltale Games,Skybound Games,18302,982,0,750000.0,0,0,0,0,1999,1999,0,93
247020,"Cook, Serve, Delicious!",Vertigo Gaming Inc.,Vertigo Gaming Inc.,5311,309,0,750000.0,0,0,0,0,1299,1299,0,7
295550,Royal Quest,Katauri,1C Online Games,962,406,0,750000.0,0,0,0,0,0,0,0,0
285920,TerraTech,Payload Studios,Mythwright,21368,2042,0,750000.0,0,0,0,0,2499,2499,0,261
268750,Magicite,Sean Young,SmashGames,6459,1120,0,750000.0,0,0,0,0,999,999,0,12
1171690,Wayfinder,Airship Syndicate,Airship Syndicate,14412,10235,0,750000.0,0,0,0,0,2499,2499,0,64
12150,Max Payne 2: The Fall of Max Payne,Remedy Entertainment,Rockstar Games,11282,652,0,750000.0,0,0,0,0,999,999,0,36
402180,Sakura Swim Club,Winged Cloud,Winged Cloud,2382,426,0,750000.0,0,0,0,0,999,999,0,2
1475380,TheDawn,LIMITED,LIMITED,8015,600,0,750000.0,0,0,0,0,0,0,0,1
242550,Rayman Legends,Ubisoft Montpellier,Ubisoft,8994,1049,0,750000.0,0,0,0,0,2999,2999,0,71
300080,Total War Battles: KINGDOM,CREATIVE ASSEMBLY,SEGA,1826,1698,0,750000.0,0,0,0,0,0,0,0,3
321960,Might & Magic Heroes VII,Limbic Entertainment,Ubisoft,3664,3082,0,750000.0,0,0,0,0,2999,2999,0,227
578330,LEGO City Undercover,Traveller's Tales,TT Games,8783,889,0,750000.0,0,0,0,0,299,1999,85,115
1522870,Supraland Six Inches Under,Supra Games,Supra Games,3366,124,0,750000.0,0,0,0,0,1999,1999,0,38
421020,DiRT 4,"Codemasters, Feral Interactive (Mac), Feral Interactive (Linux)","Codemasters, Feral Interactive (Mac), Feral Interactive (Linux), Electronic Arts",12971,3168,0,750000.0,0,0,0,0,0,0,0,40
222730,Reus,Abbey Games,Abbey Games,4576,1263,0,750000.0,0,0,0,0,999,999,0,4
1061090,Jump King,Nexile,Nexile,11081,1222,0,750000.0,0,0,0,0,1299,1299,0,60
589290,Holdfast: Nations At War,Anvil Game Studios,Anvil Game Studios,22540,2575,0,750000.0,0,0,0,0,999,1999,50,223
433350,BlackShot: Mercenary Warfare FPS,Vertigo Games America,"Papaya Play, Vertigo Games America",1640,1387,0,750000.0,0,0,0,0,0,0,0,14
445220,Avorion,Boxelware,Boxelware,12286,1328,0,750000.0,0,0,0,0,2499,2499,0,618
921570,OCTOPATH TRAVELER,"Square Enix, ACQUIRE Corp.",Square Enix,13070,2118,0,750000.0,0,0,0,0,1799,5999,70,222
531640,Eternal Card Game,Dire Wolf,Dire Wolf,5384,1569,0,750000.0,0,0,0,0,0,0,0,135
2163330,Yet Another Zombie Survivors,Awesome Games Studio,Awesome Games Studio,10169,1044,0,750000.0,0,0,0,0,1499,1499,0,472
449960,Book of Demons,Thing Trunk,Thing Trunk,9539,2413,0,750000.0,0,0,0,0,2499,2499,0,12
544330,Snake Pass,Sumo Digital,Secret Mode,2560,641,0,750000.0,0,0,0,0,1999,1999,0,8
2369390,Far Cry 6,"Ubisoft Toronto, Ubisoft Montreal, Ubisoft Kyiv, Ubisoft Shanghai, Ubisoft Berlin",Ubisoft,19411,7737,0,750000.0,0,0,0,0,5999,5999,0,627
679900,Swords & Souls: Neverseen,SoulGame Studio,Armor Games Studios,5047,363,0,750000.0,0,0,0,0,524,1499,65,188
1213740,She Will Punish Them,L2 Games,L2 Games,11430,954,0,750000.0,0,0,0,0,1599,1599,0,25
653530,Return of the Obra Dinn,Lucas Pope,3909,28093,923,0,750000.0,0,0,0,0,1999,1999,0,166
672680,Call of War: World War 2,Bytro Labs GmbH,Bytro Labs GmbH,4168,1664,0,750000.0,0,0,0,0,0,0,0,281
1316680,VLADiK BRUTAL,BRUTAL SOFTWARE,BRUTAL SOFTWARE,7642,810,0,750000.0,0,0,0,0,1199,1199,0,19
234670,NARUTO SHIPPUDEN: Ultimate Ninja STORM 3 Full Burst HD,CyberConnect2 Co. Ltd.,BANDAI NAMCO Entertainment,12500,1440,0,750000.0,0,0,0,0,1999,1999,0,23
589360,Ni no Kuni II: Revenant Kingdom,LEVEL5 Inc.,BANDAI NAMCO Entertainment,9019,1737,0,750000.0,0,0,0,0,1199,7998,85,93
1225570,Unravel Two,Coldwood Interactive,Electronic Arts,5994,1566,0,750000.0,0,0,0,0,1999,1999,0,46
719040,Wasteland 3,inXile Entertainment,"inXile Entertainment, Xbox Game Studios",17695,3201,0,750000.0,0,0,0,0,3999,3999,0,219
485490,Dungeon Journey,"Carbomb Software, Nova Dimension",Nova Dimension,214,63,0,750000.0,0,0,0,0,199,199,0,0
1063660,Bendy and the Dark Revival,Joey Drew Studios,Joey Drew Studios,12068,907,0,750000.0,0,0,0,0,1999,1999,0,62
2181930,DR LIVESEY ROM AND DEATH EDITION,Agafonoff,Agafonoff,12605,731,0,750000.0,0,0,0,0,299,299,0,5
266430,Anarchy Arcade,Elijah Newman-Gomez,Elijah Newman-Gomez,1510,698,0,750000.0,0,0,0,0,0,0,0,8
667970,VTOL VR,"Boundless Dynamics, LLC","Boundless Dynamics, LLC",18999,369,0,750000.0,0,0,0,0,2999,2999,0,222
946050,Soda Dungeon 2,"AN Productions, Poxpower",Armor Games Studios,5114,305,0,750000.0,0,0,0,0,0,0,0,249
223100,Homefront: The Revolution,Dambuster Studios,Deep Silver,9956,6497,0,750000.0,0,0,0,0,1999,1999,0,26
250760,Shovel Knight: Treasure Trove,Yacht Club Games,Yacht Club Games,15438,674,0,750000.0,0,0,0,0,3999,3999,0,69
252410,SteamWorld Dig,Image & Form Games,Image & Form Games,7697,498,0,750000.0,0,0,0,0,199,999,80,16
292120,FINAL FANTASY XIII,Square Enix,Square Enix,13454,4476,0,750000.0,0,0,0,0,1599,1599,0,286
1521580,Perfect Heist 2,yeswecamp,yeswecamp,3706,289,0,750000.0,0,0,0,0,999,999,0,90
393080,Call of Duty: Modern Warfare Remastered (2017),"Raven Software, Beenox",Activision,7542,6853,0,750000.0,0,0,0,0,3999,3999,0,133
289950,Construction Simulator 2015,weltenbauer. Software Entwicklung GmbH,astragon Entertainment,5569,1202,0,750000.0,0,0,0,0,1499,1499,0,20
1777760,Soccer Manager 2022,Invincibles Studio Ltd,ケイエル,2194,806,0,750000.0,0,0,0,0,0,0,0,61
6900,Hitman: Codename 47,IO Interactive A/S,IO Interactive A/S,3044,1195,0,750000.0,0,0,0,0,799,799,0,20
39200,Dungeon Siege II,Gas Powered Games,Square Enix,2034,644,0,750000.0,0,0,0,0,699,699,0,41
654990,Dude Simulator,Kiddy,Kiddy,1257,807,0,750000.0,0,0,0,0,79,499,84,8
1068820,OVR Toolkit - Desktop Overlay,Curtis English,VoxelLoop Software Limited,2722,372,0,750000.0,0,0,0,0,999,999,0,2180
987840,Expeditions: Rome,Logic Artists,THQ Nordic,5150,683,0,750000.0,0,0,0,0,4499,4499,0,72
894020,Death's Door,Acid Nerve,Devolver Digital,17444,1224,0,750000.0,0,0,0,0,1999,1999,0,54
515180,Bus Simulator 18,stillalive studios,astragon Entertainment,10664,2473,0,750000.0,0,0,0,0,1499,1499,0,45
457550,Bigscreen Beta,"Bigscreen, Inc.","Bigscreen, Inc.",2669,466,0,750000.0,0,0,0,0,0,0,0,50
332310,LEGO Worlds,"TT Games, Traveller's Tales",Warner Bros. Interactive Entertainment,11995,3308,0,750000.0,0,0,0,0,449,2999,85,43
991780,Notes of Soul,（Hong Kong）GKD Game Studio,（Hong Kong）GKD Game Studio,16065,4715,0,750000.0,0,0,0,0,2999,2999,0,88
397060,Faeria,Abrakam Entertainment SA,"Versus Evil, tinyBuild",5956,1168,0,750000.0,0,0,0,0,1999,1999,0,26
1444740,Maniac Path,"Falco Software, Laush Dmitriy Sergeevich",Laush Studio,10,4,0,750000.0,0,0,0,0,299,299,0,0
780290,Gloomhaven,"Flaming Fowl Studios, Saber Interactive",Twin Sails Interactive,12466,2517,0,750000.0,0,0,0,0,3499,3499,0,430
31270,Puzzle Agent,Telltale,Telltale,2384,297,0,750000.0,0,0,0,0,249,499,50,1
1092660,Blair Witch,Bloober Team SA,Bloober Team NA,5716,1531,0,750000.0,0,0,0,0,599,2999,80,6
1656780,Hero's Hour,"Benjamin ""ThingOnItsOwn"" Hauer","Goblinz Publishing, Maple Whispering Limited",4287,1082,0,750000.0,0,0,0,0,719,1799,60,82
1016800,Chernobylite Complete Edition,The Farm 51,The Farm 51,11784,2556,0,750000.0,0,0,0,0,599,2999,80,76
1040230,Curious Expedition 2,Maschinen-Mensch,"Maschinen-Mensch, Saftladen Berlin",3436,424,0,750000.0,0,0,0,0,1999,1999,0,58
64000,Men of War: Assault Squad,Digitalmindsoft,Fulqrum Publishing,4346,602,0,750000.0,0,0,0,0,999,999,0,32
916840,The Walking Dead: Saints & Sinners,Skydance Interactive,Skydance Interactive,8321,1273,0,750000.0,0,0,0,0,1999,1999,0,26
1088090,Day of Dragons,Beawesome Games,Beawesome Games,4827,2465,0,750000.0,0,0,0,0,1999,1999,0,198
1200,Red Orchestra: Ostfront 41-45,Tripwire Interactive,Tripwire Interactive,2156,317,0,750000.0,0,0,0,0,499,499,0,1
9880,Champions Online,Cryptic Studios,Arc Games,2990,1192,0,750000.0,0,0,0,0,0,0,0,113
819190,Undead Citadel,Dark Curry S.L.,Dark Curry S.L.,192,72,0,750000.0,0,0,0,0,2999,2999,0,3
1238040,Dragon Age II: Ultimate Edition,BioWare,Electronic Arts,5311,1226,0,750000.0,0,0,0,0,2999,2999,0,140
1029780,Going Medieval,Foxy Voxel,Mythwright,16633,1873,0,750000.0,0,0,0,0,2999,2999,0,713
1817230,Hi-Fi RUSH,Tango Gameworks,"KRAFTON, Inc.",32441,898,0,750000.0,0,0,0,0,2999,2999,0,87
807120,Iratus: Lord of the Dead,Unfrozen,Daedalic Entertainment,6694,1116,0,750000.0,0,0,0,0,2999,2999,0,112
521890,Hello Neighbor,Dynamic Pixels,tinyBuild,16402,3219,0,750000.0,0,0,0,0,2999,2999,0,127
732370,Juicy Realm,SpaceCan,XD,3177,443,0,750000.0,0,0,0,0,999,999,0,8
1149620,Gas Station Simulator,DRAGO entertainment,"DRAGO entertainment, Shochiku",22007,3036,0,750000.0,0,0,0,0,939,1999,53,958
831450,Kolb Antarctica Experience,Devika,Devika,6,5,0,750000.0,0,0,0,0,299,299,0,0
2231380,Tom Clancy's Ghost Recon Breakpoint,Ubisoft Paris,Ubisoft,23816,8747,0,750000.0,0,0,0,0,5999,5999,0,1430
2066020,Soulstone Survivors,Game Smithing Limited,Game Smithing Limited,19922,1906,0,750000.0,0,0,0,0,1049,1499,30,674
774181,Rhythm Doctor,7th Beat Games,"7th Beat Games, indienova",20881,332,0,750000.0,0,0,0,0,1999,1999,0,60
513000,KUBOOM,nobodyshot,nobodyshot,2488,1528,0,750000.0,0,0,0,0,0,0,0,66
404730,Wasteland 2: Director's Cut,inXile Entertainment,inXile Entertainment,0,0,0,750000.0,0,0,0,0,2999,2999,0,55
973760,Thronebreaker: The Witcher Tales,CD PROJEKT RED,CD PROJEKT RED,14782,1856,0,750000.0,0,0,0,0,399,1999,80,112
1771980,The Operator,Bureau 81,"Bureau 81, indienova",5750,446,0,750000.0,0,0,0,0,839,1399,40,41
46510,Syberia II,Microids,Microids,2402,387,0,750000.0,0,0,0,0,259,1299,80,5
1088850,Marvel's Guardians of the Galaxy,Eidos-Montréal,Eidos Interactive Corp.,36857,2301,0,750000.0,0,0,0,0,5999,5999,0,219
795100,Friday the 13th: Killer Puzzle,Blue Wizard Digital,Blue Wizard Digital,5644,374,0,750000.0,0,0,0,0,0,0,0,6
1147660,ArcheAge: Unchained,XLGAMES,Kakao Games Europe B.V.,1995,1789,0,750000.0,0,0,0,0,0,0,0,0
973580,Sniper Ghost Warrior Contracts,CI Games,CI Games,8888,3308,0,750000.0,0,0,0,0,2999,2999,0,89
1238060,Dead Space 3,Visceral Games,Electronic Arts,9353,3349,0,750000.0,0,0,0,0,399,1999,80,81
351640,Eternal Senia,Sanctum Games,Sanctum Games,11658,290,0,750000.0,0,0,0,0,0,0,0,2
451340,Gold Mining Simulator,Code Horizon,"Code Horizon, PlayWay S.A.",10873,4198,0,750000.0,0,0,0,0,1999,1999,0,166
629820,Maneater,Tripwire Interactive,Tripwire Interactive,15476,1956,0,750000.0,0,0,0,0,599,3999,85,126
298630,The Escapists,Mouldy Toof Studios,Team17,14481,1569,0,750000.0,0,0,0,0,1799,1799,0,45
591740,Sniper Fury,Gameloft,Gameloft,1330,1399,0,750000.0,0,0,0,0,0,0,0,76
700600,Evil Genius 2: World Domination,Rebellion,Rebellion,8703,3938,0,750000.0,0,0,0,0,3999,3999,0,151
312280,Simply Chess,BlueLine Games,BlueLine Games,2692,934,0,750000.0,0,0,0,0,0,0,0,15
354140,Five Nights at Freddy's 3,Scott Cawthon,Scott Cawthon,9083,999,0,750000.0,0,0,0,0,799,799,0,17
936790,Life is Strange: True Colors,Deck Nine,Square Enix,13836,1716,0,750000.0,0,0,0,0,5999,5999,0,51
501590,Bulletstorm: Full Clip Edition,People Can Fly,"Gearbox Publishing, 2K",7605,943,0,750000.0,0,0,0,0,399,3999,90,19
16810,Sid Meier's Civilization IV: Colonization,Firaxis Games,2K,1212,185,0,750000.0,0,0,0,0,599,2999,80,244
1282690,Crysis 3,Crytek,Electronic Arts,4716,829,0,750000.0,0,0,0,0,0,0,0,9
217920,Alien Rage - Unlimited,CI Games,CI Games,2334,1121,0,750000.0,0,0,0,0,1999,1999,0,1
365300,Transmissions: Element 120,"Shokunin, Thomas M. Visser, Vincent Thiele",Self Published,9266,539,0,750000.0,0,0,0,0,0,0,0,3
428690,Youtubers Life,UPLAY Online,UPLAY Online,11924,3491,0,750000.0,0,0,0,0,1999,1999,0,47
2532550,LIZARDS MUST DIE,Smola Game Studio,"Smola Game Studio, Agafonoff",25241,891,0,750000.0,0,0,0,0,99,399,75,5
1504980,It Takes Two Friend's Pass,Hazelight Studio,Electronic Arts,703,92,0,750000.0,0,0,0,0,0,0,0,58
266510,Hand of Fate,Defiant Development,Defiant Development,9433,1126,0,750000.0,0,0,0,0,1999,1999,0,6
673880,"Warhammer 40,000: Mechanicus",Bulwark Studios,Kasedo Games,12368,1141,0,750000.0,0,0,0,0,2999,2999,0,180
2124490,SILENT HILL 2,Bloober Team SA,KONAMI,41028,2021,0,750000.0,0,0,0,0,6999,6999,0,514
573100,Battlefleet Gothic: Armada 2,Tindalos Interactive,Focus Entertainment,7566,2514,0,750000.0,0,0,0,0,1999,1999,0,251
528230,SYNTHETIK: Legion Rising,Flow Fire Games,"Flow Fire Games, WhisperGames",11971,746,0,750000.0,0,0,0,0,1999,1999,0,66
91200,Anomaly: Warzone Earth,11 bit studios,11 bit studios,4043,597,0,750000.0,0,0,0,0,999,999,0,2
20540,Company of Heroes: Tales of Valor,Relic Entertainment,SEGA,2140,171,0,750000.0,0,0,0,0,399,1999,80,45
529920,Resurgence,Lightning Man Media,Lightning Man Media,12,10,0,750000.0,0,0,0,0,199,199,0,0
204060,Superbrothers: Sword & Sworcery EP,"Capybara, Superbrothers, Jim Guthrie",Capybara Games,2022,590,0,750000.0,0,0,0,0,799,799,0,2
307110,We Need To Go Deeper,Deli Interactive LLC,Deli Interactive LLC,5078,773,0,750000.0,0,0,0,0,1599,1599,0,14
320300,Car Mechanic Simulator 2015,Red Dot Games,PlayWay S.A.,13466,1106,0,750000.0,0,0,0,0,1999,1999,0,25
368340,CrossCode,Radical Fish Games,"Deck13, WhisperGames, DANGEN Entertainment, Mayflower Entertainment",15699,1167,0,750000.0,0,0,0,0,1999,1999,0,77
351970,Tales of Zestiria,BANDAI NAMCO Studio Inc.,BANDAI NAMCO Entertainment,7310,1794,0,750000.0,0,0,0,0,499,4999,90,29
1105510,Yakuza 5 Remastered,RGG Studio,SEGA,5658,673,0,750000.0,0,0,0,0,1999,1999,0,149
17740,Empires Mod,Empires,Empires,902,140,0,750000.0,0,0,0,0,0,0,0,3
567680,The Pasture,Mikhail Maksimov,Sometimes You,94,114,0,750000.0,0,0,0,0,99,99,0,0
1189630,Path Of Wuxia,香港商河洛互動娛樂股份有限公司,香港商河洛互動娛樂股份有限公司,23689,6527,0,750000.0,0,0,0,0,1749,3499,50,69
442120,Pinball FX3,Zen Studios,Zen Studios,4553,625,0,750000.0,0,0,0,0,2397,2397,0,83
2384580,DYNASTY WARRIORS: ORIGINS,"KOEI TECMO GAMES CO., LTD.","KOEI TECMO GAMES CO., LTD.",19369,1346,0,750000.0,0,0,0,0,4899,6999,30,1314
330830,Tales from the Borderlands,Telltale Games,2K,17618,988,0,750000.0,0,0,0,0,1999,1999,0,34
2218750,Halls of Torment,Chasing Carrots,Chasing Carrots,27801,1218,0,750000.0,0,0,0,0,499,666,25,361
29900,Dark Sector,Digital Extremes,Digital Extremes,2154,675,0,750000.0,0,0,0,0,999,999,0,36
1343240,Thymesia,OverBorder Studio,Team17,7105,1354,0,750000.0,0,0,0,0,624,2499,75,22
658850,Do Not Feed the Monkeys,Fictiorama Studios,Alawar,10334,692,0,750000.0,0,0,0,0,159,1599,90,93
1934680,Age of Mythology: Retold,"World's Edge, Forgotten Empires, Tantalus Media, CaptureAge, Virtuos Games",Xbox Game Studios,15043,1665,0,750000.0,0,0,0,0,2999,2999,0,1559
1859910,Legend of Mortal,Obb Studio Inc.,"Paras Games, Obb Studio Inc.",22624,9407,0,750000.0,0,0,0,0,1999,1999,0,296
865360,We Were Here Together,Total Mayhem Games,Total Mayhem Games,13321,2608,0,750000.0,0,0,0,0,1299,1299,0,178
1170950,Mortal Online 2,Star Vault AB,Star Vault AB,7870,5073,0,750000.0,0,0,0,0,3999,3999,0,440
405640,Pony Island,Daniel Mullins Games,Daniel Mullins Games,16339,843,0,750000.0,0,0,0,0,499,499,0,9
215790,Dream Pinball 3D,ASK Homework,TopWare Interactive,365,546,0,750000.0,0,0,0,0,249,999,75,2
1278480,Smart Game Booster,Smart Game Booster,Smart Game Booster,1434,374,0,750000.0,0,0,0,0,0,0,0,111
345180,Victor Vran ARPG,Haemimont Games,"Haemimont Games, EuroVideo Medien",5456,904,0,750000.0,0,0,0,0,1999,1999,0,8
611660,Fallout 4 VR,Bethesda Game Studios,Bethesda Softworks,5030,3269,0,750000.0,0,0,0,0,1979,5999,67,40
274900,Murder Miners,JForce Games,JForce Games,5492,874,0,750000.0,0,0,0,0,299,299,0,12
874390,The Battle of Polytopia,Midjiwan AB,Midjiwan AB,4832,316,0,750000.0,0,0,0,0,1499,1499,0,194
360830,Yooka-Laylee,Playtonic Games,Playtonic Friends,3937,1320,0,750000.0,0,0,0,0,1999,1999,0,14
851100,Touhou Luna Nights,"Team Ladybug, WSS playground","WSS playground, Alliance Arts",13668,339,0,750000.0,0,0,0,0,1799,1799,0,15
1173770,FINAL FANTASY,Square Enix,Square Enix,6448,365,0,750000.0,0,0,0,0,1199,1199,0,89
249650,Blackguards,Daedalic Entertainment,Daedalic Entertainment,2329,1416,0,750000.0,0,0,0,0,999,999,0,9
834530,Yakuza Kiwami,Ryu Ga Gotoku Studio,SEGA,20429,1448,0,750000.0,0,0,0,0,1099,1999,45,188
557180,League of Maidens,Maiden Gaming Inc.,Maiden Gaming Inc.,3275,2742,0,750000.0,0,0,0,0,0,0,0,15
6030,STAR WARS Jedi Knight II - Jedi Outcast,Raven Software,"LucasArts, Lucasfilm, Disney",4281,413,0,750000.0,0,0,0,0,999,999,0,40
288160,The Room,Fireproof Games,Fireproof Games,28356,641,0,750000.0,0,0,0,0,99,499,80,42
1113560,NieR Replicant ver.1.22474487139...,"Square Enix, Toylogic Inc.",Square Enix,22534,3008,0,750000.0,0,0,0,0,5999,5999,0,207
2378900,The Coffin of Andy and Leyley,Kit9 Studio,Kit9 Studio,29090,1067,0,750000.0,0,0,0,0,1199,1199,0,277
32360,The Secret of Monkey Island: Special Edition,LucasArts,"LucasArts, Lucasfilm, Disney",5529,270,0,750000.0,0,0,0,0,999,999,0,16
2114740,Blasphemous 2,The Game Kitchen,Team17,13000,1237,0,750000.0,0,0,0,0,1124,4499,75,202
3017860,DOOM: The Dark Ages,id Software,Bethesda Softworks,18891,2780,0,750000.0,0,0,0,0,2309,6999,67,3518
1275350,Ninja Kiwi Archive,Ninja Kiwi,Ninja Kiwi,5107,332,0,750000.0,0,0,0,0,0,0,0,89
385760,NBA 2K17,Visual Concepts,2K,4724,4074,0,750000.0,0,0,0,0,0,0,0,54
2058190,Lost Judgment,RGG Studio,SEGA,7238,428,0,750000.0,0,0,0,0,3999,3999,0,233
6980,Thief: Deadly Shadows,Ion Storm,Eidos Interactive Corp.,1990,459,0,750000.0,0,0,0,0,899,899,0,6
360940,The Mean Greens - Plastic Warfare,"Virtual Basement LLC, Code Headquarters LLC",Virtual Basement LLC,8332,1879,0,750000.0,0,0,0,0,999,999,0,4
503940,Railway Empire,Gaming Minds Studios,Kalypso Media,7797,1619,0,750000.0,0,0,0,0,2999,2999,0,142
424030,War of Rights,Campfire Games,Campfire Games,11619,1526,0,750000.0,0,0,0,0,2999,2999,0,298
1244090,Sea of Stars: Sunset Edition,Sabotage Studio,Sabotage Studio,11331,1367,0,750000.0,0,0,0,0,3499,3499,0,509
1104640,New Frontier,Free Reign Entertainment,Free Reign Entertainment,1834,1883,0,750000.0,0,0,0,0,0,0,0,1
1458560,I'm on Observation Duty 3,Notovia,Notovia,242,67,0,750000.0,0,0,0,0,299,299,0,2
539470,Police Stories,HypeTrain Digital,HypeTrain Digital,7406,1295,0,750000.0,0,0,0,0,1999,1999,0,18
252150,Grimm,Spicyhorse Games,Spicyhorse Games,10338,925,0,750000.0,0,0,0,0,0,0,0,3
22350,BRINK,Splash Damage,Bethesda Softworks,4999,2954,0,750000.0,0,0,0,0,0,0,0,22
761620,Beholder 2,Alawar Stargaze (Warm Lamp Games),Alawar,6253,890,0,750000.0,0,0,0,0,269,1799,85,76
1128000,Cube World,Picroma,Picroma,6872,11701,0,750000.0,0,0,0,0,1999,1999,0,10
1089130,Quake II RTX,Lightspeed Studios™,NVIDIA,4009,581,0,750000.0,0,0,0,0,0,0,0,5
326360,Warspear Online,Titulum Enterprises Limited,Titulum Enterprises Limited,2068,767,0,750000.0,0,0,0,0,0,0,0,122
305260,Battle Islands,DR Studios,505 Games,2604,822,0,750000.0,0,0,0,0,0,0,0,19
753650,Due Process,Giant Enemy Crab,Giant Enemy Crab,6713,1495,0,750000.0,0,0,0,0,999,999,0,29
2849080,Kingdom Rush 5: Alliance TD,Ironhide Game Studio,Ironhide Game Studio,7763,1092,0,750000.0,0,0,0,0,1999,1999,0,386
939850,The Dark Pictures Anthology: Man of Medan,Supermassive Games,BANDAI NAMCO Entertainment Europe,8812,2797,0,750000.0,0,0,0,0,799,1999,60,41
550470,NosTale - Anime MMORPG,"Entwell Co., Ltd.",Gameforge 4D GmbH,2432,1001,0,750000.0,0,0,0,0,0,0,0,210
343360,Particula,Microblast Games,SA Industry,1664,721,0,750000.0,0,0,0,0,2999,2999,0,6
2300,DOOM II,id Software,id Software,8691,417,0,750000.0,0,0,0,0,0,0,0,16
397340,SimplePlanes,"Jundroo, LLC","Jundroo, LLC",9763,707,0,750000.0,0,0,0,0,1299,1299,0,81
255220,GRID Autosport,"Codemasters Racing, Feral Interactive (Mac), Feral Interactive (Linux)","Codemasters, Feral Interactive (Mac), Feral Interactive (Linux)",6764,1914,0,750000.0,0,0,0,0,0,0,0,15
774801,Crab Champions,Noisestorm,Noisestorm,26307,553,0,750000.0,0,0,0,0,999,999,0,796
464060,RUINER,Reikon Games,Devolver Digital,10381,1211,0,750000.0,0,0,0,0,199,1999,90,5
49600,Beat Hazard,Cold Beam Games,Cold Beam Games,6984,395,0,750000.0,0,0,0,0,249,999,75,4
1158160,Coral Island,Stairway Games,Balor Games,19184,2544,0,750000.0,0,0,0,0,2999,2999,0,1328
728530,SD GUNDAM G GENERATION CROSS RAYS,"TOM CREATE, 株式会社トムクリエイト","BANDAI NAMCO Entertainment, 株式会社バンダイナムコエンターテインメント",6572,1294,0,750000.0,0,0,0,0,3999,3999,0,227
2135150,Elin,Lafrontier,Lafrontier,6163,412,0,750000.0,0,0,0,0,1999,1999,0,1277
2142790,Fields of Mistria,NPC Studio,NPC Studio,19544,414,0,750000.0,0,0,0,0,1399,1399,0,1616
252870,PULSAR: Lost Colony,Leafy Games,Leafy Games,5020,558,0,750000.0,0,0,0,0,1999,1999,0,21
336390,System Shock 2 (1999),"Nightdive Studios, Irrational Games, Looking Glass Studios",Nightdive Studios,4408,279,0,750000.0,0,0,0,0,999,999,0,0
223830,Xenonauts,Goldhawk Interactive,Goldhawk Interactive,4265,624,0,750000.0,0,0,0,0,2499,2499,0,53
1843760,Rogue Tower,Die of Death Games,Die of Death Games,4637,996,0,750000.0,0,0,0,0,1499,1499,0,147
360170,How to Survive 2,Eko Software,505 Games,7552,3362,0,750000.0,0,0,0,0,1499,1499,0,10
644830,The Surge 2,Deck13,Focus Entertainment,6523,2005,0,750000.0,0,0,0,0,2999,2999,0,81
248820,Risk of Rain (2013),Hopoo Games,"Gearbox Publishing, 2K",27648,1978,0,750000.0,0,0,0,0,999,999,0,25
1681430,RoboCop: Rogue City,Teyon,Nacon,20146,2561,0,750000.0,0,0,0,0,399,3999,90,238
72200,Universe Sandbox Legacy,Giant Army,Giant Army,2372,579,0,750000.0,0,0,0,0,0,0,0,14
97100,Section 8: Prejudice,TimeGate Studios,Atari,835,229,0,750000.0,0,0,0,0,0,0,0,0
1026680,FINAL FANTASY VIII - REMASTERED,Square Enix,Square Enix,3363,1239,0,750000.0,0,0,0,0,1999,1999,0,145
462770,Pyre,Supergiant Games,Supergiant Games,8178,860,0,750000.0,0,0,0,0,1999,1999,0,10
681280,Descenders,RageSquid,No More Robots,18141,1092,0,750000.0,0,0,0,0,2499,2499,0,190
774241,Warhammer: Chaosbane,Eko Software,Nacon,3505,2567,0,750000.0,0,0,0,0,149,2999,95,14
95400,ibb & obb,"Sparpweed, Codeglue",Sparpweed,5959,664,0,750000.0,0,0,0,0,1199,1199,0,29
276810,Mordheim: City of the Damned,Rogue Factor,Nacon,5662,2399,0,750000.0,0,0,0,0,1999,1999,0,112
548570,RAGE 2,"id Software, Avalanche Studios",Bethesda Softworks,10320,6086,0,750000.0,0,0,0,0,3999,3999,0,42
574820,Cat or Bread?,Casioqu,Casioqu,691,55,0,750000.0,0,0,0,0,199,199,0,0
203630,Warlock - Master of the Arcane,Ino-Co Plus,Paradox Interactive,2216,355,0,750000.0,0,0,0,0,2499,2499,0,27
593600,PixARK,Snail Games USA,Snail Games USA,9112,3400,0,750000.0,0,0,0,0,1999,1999,0,165
1510,Uplink,Introversion Software,Introversion Software,2143,216,0,750000.0,0,0,0,0,1199,1199,0,2
1041320,Lords Mobile,IGG SINGAPORE PTE. LTD.,IGG SINGAPORE PTE. LTD.,3761,1856,0,750000.0,0,0,0,0,0,0,0,1080
1547000,Grand Theft Auto: San Andreas – The Definitive Edition,Rockstar Games,Rockstar Games,6814,2051,0,750000.0,0,0,0,0,5999,5999,0,330
3700,Sniper Elite,Rebellion,Rebellion,2906,890,0,750000.0,0,0,0,0,799,799,0,21
473690,Absolver,Sloclap,Devolver Digital,10497,4039,0,750000.0,0,0,0,0,2999,2999,0,22
413420,Danganronpa 2: Goodbye Despair,"Spike Chunsoft Co., Ltd., Abstraction Games","Spike Chunsoft Co., Ltd.",25613,998,0,750000.0,0,0,0,0,1999,1999,0,198
447530,VA-11 Hall-A: Cyberpunk Bartender Action,Sukeban Games,"Ysbryd Games, PLAYISM",35526,936,0,750000.0,0,0,0,0,1499,1499,0,62
315430,Polarity,Bluebutton Games,Bluebutton Games,3721,969,0,750000.0,0,0,0,0,1299,1299,0,0
508170,BlackSmith HIT,ENTERi,Forever Entertainment S. A.,570,119,0,750000.0,0,0,0,0,99,99,0,0
248610,Door Kickers,KillHouse Games,KillHouse Games,9277,561,0,750000.0,0,0,0,0,1999,1999,0,18
256290,Child of Light,Ubisoft Montréal,Ubisoft,12122,1098,0,750000.0,0,0,0,0,1499,1499,0,12
13250,Unreal Gold,"Epic Games, Inc.",2K,2208,267,0,750000.0,0,0,0,0,0,0,0,3
758190,Dragon Cliff,Meta Interaction,Meta Interaction,6998,826,0,750000.0,0,0,0,0,999,999,0,216
1195460,Last Year,Undaunted Games,Undaunted Games,5991,3711,0,750000.0,0,0,0,0,0,0,0,8
252850,Streamline,Proletariat Inc.,Proletariat Inc.,1426,582,0,750000.0,0,0,0,0,0,0,0,10
2381590,Only Up,Indiesolodev,Indiesolodev,11002,4035,0,750000.0,0,0,0,0,0,0,0,22
212390,Continent of the Ninth Seal,"VALOFE, Webzen",VALOFE,1006,403,0,750000.0,0,0,0,0,0,0,0,1
260230,Valiant Hearts: The Great War / Soldats Inconnus : Mémoires de la Grande Guerre,Ubisoft Montpellier,Ubisoft,24888,1155,0,750000.0,0,0,0,0,1499,1499,0,25
296470,Mount Your Friends,Stegersaurus Software Inc.,Stegersaurus Software Inc.,7327,366,0,750000.0,0,0,0,0,174,499,65,1
219830,King Arthur's Gold,Transhuman Design,Transhuman Design,4390,814,0,750000.0,0,0,0,0,0,0,0,11
200210,Realm of the Mad God Exalt,"Wild Shadow Studios, Deca Live Operations GmbH",Deca Live Operations GmbH,38723,7897,0,750000.0,0,0,0,0,0,0,0,1853
824550,SD GUNDAM BATTLE ALLIANCE,ARTDINK,Bandai Namco Entertainment,3683,2160,0,750000.0,0,0,0,0,2124,8499,75,8
1135690,Unpacking,Witch Beam,Balor Games,32883,2418,0,750000.0,0,0,0,0,1999,1999,0,260
372800,RPG MO,Marxnet,Marxnet,2289,613,0,750000.0,0,0,0,0,0,0,0,49
2437170,SMITE 2,Titan Forge Games,Hi-Rez Studios,8257,6096,0,750000.0,0,0,0,0,0,0,0,4975
666860,Bit Heroes Quest,Juppiomenz,Kongregate,2567,619,0,750000.0,0,0,0,0,0,0,0,236
2140510,Town of Salem 2,BlankMediaGames LLC,Digital Bandidos,5692,2092,0,750000.0,0,0,0,0,0,0,0,382
78000,Bejeweled 3,"PopCap Games, Inc.","PopCap Games, Inc., Electronic Arts",6963,296,0,750000.0,0,0,0,0,499,499,0,387
503560,911 Operator,Jutsu Games,Games Operators,14616,1819,0,750000.0,0,0,0,0,1499,1499,0,87
429050,Feed and Grow: Fish,Old B1ood,Greens s.r.o.,14733,4239,0,750000.0,0,0,0,0,1499,1499,0,189
33229,Tom Clancy's Splinter Cell Conviction,Ubisoft Montreal,Ubisoft,3188,1248,0,750000.0,0,0,0,0,999,999,0,0
909080,Cube Escape: Paradox,Rusty Lake,Rusty Lake,10264,290,0,750000.0,0,0,0,0,0,0,0,168
1496790,Gotham Knights,"Warner Bros. Games Montréal, QLOC",Warner Bros. Games,15271,7395,0,750000.0,0,0,0,0,899,5999,85,204
285330,RollerCoaster Tycoon 2: Triple Thrill Pack,Chris Sawyer Productions,Atari,4864,581,0,750000.0,0,0,0,0,999,999,0,96
1782120,ZERO Sievert,CABO Studio,Modern Wolf,11326,1912,0,750000.0,0,0,0,0,1999,1999,0,261
1259980,RIDE 4,Milestone S.r.l.,Milestone S.r.l.,9661,2068,0,750000.0,0,0,0,0,3999,3999,0,209
732690,FIVE NIGHTS AT FREDDY'S: HELP WANTED,Steel Wool Studios,ScottGames,11969,494,0,750000.0,0,0,0,0,2999,2999,0,29
311290,SpellForce 3 Reforced,Grimlore Games,THQ Nordic,5837,1766,0,750000.0,0,0,0,0,3999,3999,0,12
954740,Terminator: Resistance,Teyon,Reef Entertainment,15132,1348,0,750000.0,0,0,0,0,3999,3999,0,39
784080,MechWarrior 5: Mercenaries,Piranha Games Inc.,Piranha Games Inc.,10793,1963,0,750000.0,0,0,0,0,2999,2999,0,636
941460,Death Trash,Crafting Legends,Crafting Legends,3291,242,0,750000.0,0,0,0,0,1599,1999,20,3
2336220,Feed the Cups,Vambear Games,IndieArk,3922,9286,0,750000.0,0,0,0,0,1279,1599,20,1161
362490,Exanima,Bare Mettle Entertainment,Bare Mettle Entertainment,10132,2214,0,750000.0,0,0,0,0,1499,1499,0,84
2772750,Age of History 3,Łukasz Jakowski,Łukasz Jakowski Games,11105,1607,0,750000.0,0,0,0,0,999,999,0,481
784150,Workers & Resources: Soviet Republic,3Division,Hooded Horse,20192,1983,0,750000.0,0,0,0,0,3999,3999,0,2590
236150,Starpoint Gemini 2,Little Green Men Games,Little Green Men Games,2843,1250,0,750000.0,0,0,0,0,349,3499,90,4
